FALSE,FALSE,FALSE
dateTime:RFC3339,double,double
,,
_time,_humidity,_temperature
2022-02-19T20:40:00Z,76,-1.5
2022-02-19T20:50:00Z,76,-1.5
2022-02-19T21:10:00Z,79,-1.9
2022-02-19T21:20:00Z,79,-1.9
2022-02-19T21:40:00Z,79,-1.9
2022-02-19T21:50:00Z,79,-1.9
2022-02-19T22:10:00Z,79,-1.9
2022-02-19T22:20:00Z,84,-2.2
2022-02-19T22:40:00Z,84,-2.2
2022-02-19T22:50:00Z,84,-2.2
2022-02-19T23:10:00Z,84,-2.2
2022-02-19T23:20:00Z,85,-2.2
2022-02-19T23:40:00Z,85,-2.2
2022-02-19T23:50:00Z,85,-2.2
2022-02-20T00:10:00Z,85,-2.2
2022-02-20T00:20:00Z,87,-2.4
2022-02-20T00:40:00Z,87,-2.4
2022-02-20T00:50:00Z,87,-2.4
2022-02-20T01:10:00Z,87,-2.4
2022-02-20T01:20:00Z,90,-2.8
2022-02-20T01:40:00Z,90,-2.8
2022-02-20T01:50:00Z,90,-2.8
2022-02-20T02:10:00Z,90,-2.8
2022-02-20T02:20:00Z,90,-2.8
2022-02-20T02:40:00Z,90,-2.6
2022-02-20T02:50:00Z,90,-2.6
2022-02-20T03:10:00Z,90,-2.6
2022-02-20T03:20:00Z,90,-2.6
2022-02-20T03:40:00Z,90,-2.3
2022-02-20T03:50:00Z,90,-2.3
2022-02-20T04:10:00Z,90,-2.3
2022-02-20T04:20:00Z,90,-2.3
2022-02-20T04:40:00Z,94,-3.2
2022-02-20T04:50:00Z,94,-3.2
2022-02-20T05:10:00Z,94,-3.2
2022-02-20T05:20:00Z,94,-3.2
2022-02-20T05:40:00Z,96,-2.7
2022-02-20T05:50:00Z,96,-2.7
2022-02-20T06:10:00Z,96,-2.7
2022-02-20T06:20:00Z,NA,-2.7
2022-02-20T06:40:00Z,NA,-2.7
2022-02-20T06:50:00Z,NA,-2.4
2022-02-20T07:10:00Z,94,-2.4
2022-02-20T07:20:00Z,94,-2.4
2022-02-20T07:40:00Z,94,-2.4
2022-02-20T07:50:00Z,93,-2.3
2022-02-20T08:10:00Z,93,-2.3
2022-02-20T08:20:00Z,93,-2.3
2022-02-20T08:40:00Z,93,-2.3
2022-02-20T08:50:00Z,86,-1.4
2022-02-20T09:10:00Z,86,-1.4
2022-02-20T09:30:00Z,86,-1.4
2022-02-20T09:50:00Z,86,-1.4
2022-02-20T10:00:00Z,86,-1.4
2022-02-20T10:20:00Z,86,-1.4
2022-02-20T10:30:00Z,72,-0.2
2022-02-20T10:50:00Z,72,-0.2
2022-02-20T11:00:00Z,72,-0.2
2022-02-20T11:20:00Z,72,-0.2
2022-02-20T11:30:00Z,69,-0.2
2022-02-20T11:50:00Z,69,-0.2
2022-02-20T12:00:00Z,69,-0.2
2022-02-20T12:20:00Z,69,-0.2
2022-02-20T12:30:00Z,64,0.7
2022-02-20T12:50:00Z,64,0.7
2022-02-20T13:00:00Z,64,0.7
2022-02-20T13:20:00Z,64,0.7
2022-02-20T13:30:00Z,52,1
2022-02-20T13:50:00Z,52,1
2022-02-20T14:00:00Z,52,1
2022-02-20T14:20:00Z,52,1
2022-02-20T14:30:00Z,47,1.1
2022-02-20T14:50:00Z,47,1.1
2022-02-20T15:00:00Z,54,0.6
2022-02-20T15:20:00Z,54,0.6
2022-02-20T15:30:00Z,54,0.6
2022-02-20T15:50:00Z,54,0.6
2022-02-20T16:00:00Z,54,0.6
2022-02-20T16:20:00Z,62,-0.8
2022-02-20T16:30:00Z,62,-0.8
2022-02-20T16:50:00Z,62,-0.8
2022-02-20T17:00:00Z,62,-0.8
2022-02-20T17:20:00Z,69,-1.5
2022-02-20T17:30:00Z,69,-1.5
2022-02-20T17:50:00Z,69,-1.5
2022-02-20T18:00:00Z,69,-1.5
2022-02-20T18:20:00Z,75,-1.9
2022-02-20T18:30:00Z,75,-1.9
2022-02-20T18:50:00Z,75,-1.9
2022-02-20T19:00:00Z,75,-1.9
2022-02-20T19:20:00Z,75,-1.6
2022-02-20T19:30:00Z,75,-1.6
2022-02-20T19:50:00Z,75,-1.6
2022-02-20T20:00:00Z,75,-1.6
2022-02-20T20:20:00Z,83,-1.7
2022-02-20T20:30:00Z,83,-1.7
2022-02-20T20:50:00Z,83,-1.7
2022-02-20T21:00:00Z,83,-1.7
2022-02-20T21:20:00Z,90,-1.6
2022-02-20T21:30:00Z,90,-1.6
2022-02-20T21:50:00Z,90,-1.6
2022-02-20T22:00:00Z,90,-1.6
2022-02-20T22:20:00Z,88,-0.6
2022-02-20T22:30:00Z,88,-0.6
2022-02-20T22:50:00Z,88,-0.6
2022-02-20T23:00:00Z,88,-0.6
2022-02-20T23:20:00Z,91,0.1
2022-02-20T23:30:00Z,91,0.1
2022-02-20T23:50:00Z,91,0.1
2022-02-21T00:00:00Z,91,0.1
2022-02-21T00:20:00Z,88,0
2022-02-21T00:30:00Z,88,0
2022-02-21T00:50:00Z,88,0
2022-02-21T01:00:00Z,88,0
2022-02-21T01:20:00Z,88,0
2022-02-21T01:30:00Z,91,0.4
2022-02-21T01:50:00Z,91,0.4
2022-02-21T02:00:00Z,91,0.4
2022-02-21T02:20:00Z,91,0.4
2022-02-21T02:30:00Z,90,0.7
2022-02-21T02:50:00Z,90,0.7
2022-02-21T03:00:00Z,90,0.7
2022-02-21T03:20:00Z,90,0.7
2022-02-21T03:30:00Z,93,1
2022-02-21T03:50:00Z,93,1
2022-02-21T04:00:00Z,93,1
2022-02-21T04:20:00Z,93,1
2022-02-21T04:30:00Z,94,1
2022-02-21T04:50:00Z,94,1
2022-02-21T05:00:00Z,94,1
2022-02-21T05:20:00Z,94,1
2022-02-21T05:30:00Z,95,1
2022-02-21T05:50:00Z,95,1
2022-02-21T06:00:00Z,95,1
2022-02-21T06:20:00Z,95,1
2022-02-21T06:30:00Z,94,0.7
2022-02-21T06:50:00Z,94,0.7
2022-02-21T07:00:00Z,94,0.7
2022-02-21T07:20:00Z,94,0.7
2022-02-21T07:30:00Z,94,0.6
2022-02-21T07:50:00Z,94,0.6
2022-02-21T08:00:00Z,94,0.6
2022-02-21T08:20:00Z,94,0.6
2022-02-21T08:30:00Z,95,0.7
2022-02-21T08:50:00Z,95,0.7
2022-02-21T09:00:00Z,95,0.7
2022-02-21T09:20:00Z,95,0.7
2022-02-21T09:30:00Z,99,0.8
2022-02-21T09:50:00Z,99,0.8
2022-02-21T10:00:00Z,99,0.8
2022-02-21T10:20:00Z,99,0.8
2022-02-21T10:30:00Z,99,1.7
2022-02-21T10:50:00Z,99,1.7
2022-02-21T11:00:00Z,99,100
2022-02-21T11:20:00Z,99,1.7
2022-02-21T11:30:00Z,99,2.2
2022-02-21T11:50:00Z,99,2.2
2022-02-21T12:00:00Z,99,2.2
2022-02-21T12:20:00Z,99,2.2
2022-02-21T12:30:00Z,98,2.5
2022-02-21T12:50:00Z,98,2.5
2022-02-21T13:00:00Z,98,2.5
2022-02-21T13:20:00Z,98,2.5
2022-02-21T13:30:00Z,96,3.4
2022-02-21T13:50:00Z,96,3.4
2022-02-21T14:00:00Z,96,3.4
2022-02-21T14:20:00Z,96,3.4
2022-02-21T14:30:00Z,94,3.4
2022-02-21T14:50:00Z,94,3.4
2022-02-21T15:00:00Z,94,3.4
2022-02-21T15:20:00Z,94,3.4
2022-02-21T15:30:00Z,98,2.2
2022-02-21T15:50:00Z,98,2.2
2022-02-21T16:00:00Z,98,2.2
2022-02-21T16:20:00Z,98,2.2
2022-02-21T16:30:00Z,98,2.2
2022-02-21T16:50:00Z,98,1.2
2022-02-21T17:00:00Z,98,1.2
2022-02-21T17:20:00Z,98,1.2
2022-02-21T17:30:00Z,98,1.2
2022-02-21T17:50:00Z,94,1.1
2022-02-21T18:00:00Z,94,1.1
2022-02-21T18:20:00Z,94,1.1
2022-02-21T18:30:00Z,94,1.1
2022-02-21T18:50:00Z,84,-0.2
2022-02-21T19:00:00Z,84,-0.2
2022-02-21T19:20:00Z,84,-0.2
2022-02-21T19:30:00Z,84,-0.2
2022-02-21T19:50:00Z,82,-0.6
2022-02-21T20:00:00Z,82,-0.6
2022-02-21T20:20:00Z,82,-0.6
2022-02-21T20:30:00Z,82,-0.6
2022-02-21T20:50:00Z,80,-0.5
2022-02-21T21:00:00Z,80,-0.5
2022-02-21T21:20:00Z,156,-0.5
2022-02-21T21:30:00Z,80,-0.5
2022-02-21T21:50:00Z,79,-0.6
2022-02-21T22:00:00Z,79,-0.6
2022-02-21T22:20:00Z,79,-0.6
2022-02-21T22:30:00Z,79,-0.6
2022-02-21T22:50:00Z,78,-0.8
2022-02-21T23:00:00Z,78,-0.8
2022-02-21T23:20:00Z,78,-0.8
2022-02-21T23:30:00Z,78,-0.8
2022-02-21T23:50:00Z,79,-0.7
2022-02-22T00:00:00Z,79,-0.7
2022-02-22T00:20:00Z,79,-0.7
2022-02-22T00:30:00Z,79,-0.7
2022-02-22T00:50:00Z,79,-0.9
2022-02-22T01:00:00Z,79,-0.9
2022-02-22T01:20:00Z,79,-0.9
2022-02-22T01:30:00Z,79,-0.9
2022-02-22T01:50:00Z,78,-1.3
2022-02-22T02:00:00Z,78,-1.3
2022-02-22T02:20:00Z,78,-1.3
2022-02-22T02:30:00Z,78,-1.3
2022-02-22T02:50:00Z,78,-1.4
2022-02-22T03:00:00Z,78,-1.4
2022-02-22T03:20:00Z,78,-1.4
2022-02-22T03:30:00Z,78,-1.4
2022-02-22T03:50:00Z,82,-1.7
2022-02-22T04:00:00Z,82,-1.7
2022-02-22T04:20:00Z,82,-1.7
2022-02-22T04:30:00Z,82,-1.7
2022-02-22T04:50:00Z,77,-2.5
2022-02-22T05:00:00Z,77,-2.5
2022-02-22T05:20:00Z,77,-2.5
2022-02-22T05:30:00Z,77,-2.5
2022-02-22T05:50:00Z,76,-3.3
2022-02-22T06:00:00Z,76,-3.3
2022-02-22T06:20:00Z,NA,-3.3
2022-02-22T06:30:00Z,NA,-3.3
2022-02-22T06:50:00Z,NA,-3.6
2022-02-22T07:00:00Z,76,-3.6
2022-02-22T07:20:00Z,76,-3.6
2022-02-22T07:30:00Z,76,-3.6
2022-02-22T07:50:00Z,76,-3.6
2022-02-22T08:00:00Z,75,-3.8
2022-02-22T08:20:00Z,75,-3.8
2022-02-22T08:30:00Z,75,-3.8
2022-02-22T08:50:00Z,75,-3.8
2022-02-22T09:00:00Z,76,-3.9
2022-02-22T09:20:00Z,76,-3.9
2022-02-22T09:30:00Z,76,-3.9
2022-02-22T09:50:00Z,76,-3.9
2022-02-22T10:00:00Z,75,-3.7
2022-02-22T10:20:00Z,75,-3.7
2022-02-22T10:30:00Z,75,-3.7
2022-02-22T10:50:00Z,75,-3.7
2022-02-22T11:00:00Z,73,-4.3
2022-02-22T11:20:00Z,73,-4.3
2022-02-22T11:30:00Z,73,-4.3
2022-02-22T11:50:00Z,73,-4.3
2022-02-22T12:00:00Z,69,-2.7
2022-02-22T12:20:00Z,69,-2.7
2022-02-22T12:30:00Z,69,-2.7
2022-02-22T12:50:00Z,69,-2.7
2022-02-22T13:00:00Z,66,-2.2
2022-02-22T13:20:00Z,66,-2.2
2022-02-22T13:30:00Z,66,-2.2
2022-02-22T13:50:00Z,66,-2.2
2022-02-22T14:00:00Z,64,-1.9
2022-02-22T14:20:00Z,64,-1.9
2022-02-22T14:30:00Z,64,-1.9
2022-02-22T14:50:00Z,64,-1.9
2022-02-22T15:00:00Z,60,-2.5
2022-02-22T15:20:00Z,60,-2.5
2022-02-22T15:30:00Z,60,-2.5
2022-02-22T15:50:00Z,60,-2.5
2022-02-22T16:00:00Z,59,-3.1
2022-02-22T16:20:00Z,59,-3.1
2022-02-22T16:30:00Z,59,-3.1
2022-02-22T16:50:00Z,59,-3.1
2022-02-22T17:00:00Z,68,-4.5
2022-02-22T17:20:00Z,68,-4.5
2022-02-22T17:30:00Z,68,-4.5
2022-02-22T17:50:00Z,68,-4.5
2022-02-22T18:00:00Z,71,-5.1
2022-02-22T18:20:00Z,71,-5.1
2022-02-22T18:30:00Z,71,-5.1
2022-02-22T18:50:00Z,71,-5.1
2022-02-22T19:00:00Z,74,-6.3
2022-02-22T19:20:00Z,74,-6.3
2022-02-22T19:30:00Z,74,-6.3
2022-02-22T19:50:00Z,74,-6.3
2022-02-22T20:00:00Z,75,-6.6
2022-02-22T20:20:00Z,75,-6.6
2022-02-22T20:30:00Z,75,-6.6
2022-02-22T20:50:00Z,75,-6.6
2022-02-22T21:00:00Z,76,-6.2
2022-02-22T21:20:00Z,76,-6.2
2022-02-22T21:30:00Z,76,-6.2
2022-02-22T21:50:00Z,76,-6.2
2022-02-22T22:00:00Z,78,-6.5
2022-02-22T22:20:00Z,78,-6.5
2022-02-22T22:30:00Z,78,-6.5
2022-02-22T22:50:00Z,78,-6.5
2022-02-22T23:00:00Z,78,-6.5
2022-02-22T23:20:00Z,83,-7.4
2022-02-22T23:30:00Z,83,-7.4
2022-02-22T23:50:00Z,83,-7.4
2022-02-23T00:00:00Z,83,-7.4
2022-02-23T00:20:00Z,82,-6.8
2022-02-23T00:30:00Z,82,-6.8
2022-02-23T00:50:00Z,82,-6.8
2022-02-23T01:00:00Z,82,-6.8
2022-02-23T01:20:00Z,81,-7.3
2022-02-23T01:30:00Z,81,-7.3
2022-02-23T01:50:00Z,81,-7.3
2022-02-23T02:00:00Z,81,-7.3
2022-02-23T02:20:00Z,77,-6.4
2022-02-23T02:30:00Z,77,-6.4
2022-02-23T02:50:00Z,77,-6.4
2022-02-23T03:00:00Z,77,-6.4
2022-02-23T03:20:00Z,76,-5.4
2022-02-23T03:30:00Z,76,-5.4
2022-02-23T03:50:00Z,76,-5.4
2022-02-23T04:00:00Z,76,-5.4
2022-02-23T04:20:00Z,78,-6.1
2022-02-23T04:30:00Z,78,-6.1
2022-02-23T04:50:00Z,78,-6.1
2022-02-23T05:00:00Z,78,-6.1
2022-02-23T05:20:00Z,76,-5.4
2022-02-23T05:30:00Z,76,-5.4
2022-02-23T05:50:00Z,76,-5.4
2022-02-23T06:00:00Z,76,-5.4
2022-02-23T06:20:00Z,78,-4.6
2022-02-23T06:30:00Z,78,-4.6
2022-02-23T06:50:00Z,78,-4.6
2022-02-23T07:00:00Z,78,-4.6
2022-02-23T07:20:00Z,82,-4.3
2022-02-23T07:30:00Z,82,-4.3
2022-02-23T07:50:00Z,82,-4.3
2022-02-23T08:00:00Z,82,-80
2022-02-23T08:20:00Z,82,-3.2
2022-02-23T08:30:00Z,82,-3.2
2022-02-23T08:50:00Z,82,-3.2
2022-02-23T09:00:00Z,82,-3.2
2022-02-23T09:20:00Z,82,-2.2
2022-02-23T09:30:00Z,82,-2.2
2022-02-23T09:50:00Z,82,-2.2
2022-02-23T10:00:00Z,82,-2.2
2022-02-23T10:20:00Z,83,-0.8
2022-02-23T10:30:00Z,83,-0.8
2022-02-23T10:50:00Z,83,-0.8
2022-02-23T11:00:00Z,83,-0.8
2022-02-23T11:20:00Z,80,100
2022-02-23T11:30:00Z,80,0.6
2022-02-23T11:50:00Z,80,0.6
2022-02-23T12:00:00Z,80,0.6
2022-02-23T12:20:00Z,77,1.2
2022-02-23T12:30:00Z,77,1.2
2022-02-23T12:50:00Z,77,1.2
2022-02-23T13:00:00Z,77,1.2
2022-02-23T13:20:00Z,76,1.5
2022-02-23T13:30:00Z,76,1.5
2022-02-23T13:50:00Z,76,1.5
2022-02-23T14:00:00Z,76,1.5
2022-02-23T14:20:00Z,76,1.5
2022-02-23T14:30:00Z,77,1.7
2022-02-23T14:50:00Z,77,1.7
2022-02-23T15:00:00Z,77,1.7
2022-02-23T15:20:00Z,77,1.7
2022-02-23T15:30:00Z,80,1.4
2022-02-23T15:50:00Z,80,1.4
2022-02-23T16:00:00Z,80,1.4
2022-02-23T16:20:00Z,80,1.4
2022-02-23T16:30:00Z,83,0.6
2022-02-23T16:50:00Z,83,0.6
2022-02-23T17:00:00Z,83,0.6
2022-02-23T17:20:00Z,83,0.6
2022-02-23T17:30:00Z,87,-0.3
2022-02-23T17:50:00Z,87,-0.3
2022-02-23T18:00:00Z,87,-0.3
2022-02-23T18:20:00Z,87,-0.3
2022-02-23T18:30:00Z,90,-0.4
2022-02-23T18:50:00Z,90,-0.4
2022-02-23T19:00:00Z,90,-0.4
2022-02-23T19:20:00Z,90,-0.4
2022-02-23T19:30:00Z,88,0.2
2022-02-23T19:50:00Z,88,0.2
2022-02-23T20:00:00Z,88,0.2
2022-02-23T20:20:00Z,88,0.2
2022-02-23T20:30:00Z,87,1.3
2022-02-23T20:50:00Z,87,1.3
2022-02-23T21:00:00Z,87,1.3
2022-02-23T21:20:00Z,87,1.3
2022-02-23T21:30:00Z,85,1.5
2022-02-23T21:50:00Z,85,1.5
2022-02-23T22:00:00Z,85,1.5
2022-02-23T22:20:00Z,85,1.5
2022-02-23T22:30:00Z,87,1.4
2022-02-23T22:50:00Z,87,1.4
2022-02-23T23:00:00Z,87,1.4
2022-02-23T23:20:00Z,87,1.4
2022-02-23T23:30:00Z,88,1.6
2022-02-23T23:50:00Z,88,1.6
2022-02-24T00:00:00Z,88,1.6
2022-02-24T00:20:00Z,88,1.6
2022-02-24T00:30:00Z,90,1.4
2022-02-24T00:50:00Z,90,1.4
2022-02-24T01:00:00Z,90,1.4
2022-02-24T01:20:00Z,90,1.4
2022-02-24T01:30:00Z,87,2
2022-02-24T01:50:00Z,87,2
2022-02-24T02:00:00Z,87,2
2022-02-24T02:20:00Z,87,2
2022-02-24T02:30:00Z,85,2.9
2022-02-24T02:50:00Z,85,2.9
2022-02-24T03:00:00Z,85,2.9
2022-02-24T03:20:00Z,85,2.9
2022-02-24T03:30:00Z,84,2.9
2022-02-24T03:50:00Z,84,2.9
2022-02-24T04:00:00Z,84,2.9
2022-02-24T04:20:00Z,84,2.9
2022-02-24T04:30:00Z,84,3
2022-02-24T04:50:00Z,84,3
2022-02-24T05:00:00Z,84,3
2022-02-24T05:20:00Z,84,3
2022-02-24T05:30:00Z,84,3
2022-02-24T05:50:00Z,85,3.2
2022-02-24T06:00:00Z,85,3.2
2022-02-24T06:20:00Z,85,3.2
2022-02-24T06:30:00Z,85,3.2
2022-02-24T06:50:00Z,85,3.5
2022-02-24T07:00:00Z,85,3.5
2022-02-24T07:20:00Z,85,3.5
2022-02-24T07:30:00Z,85,3.5
2022-02-24T07:50:00Z,84,3.9
2022-02-24T08:00:00Z,84,3.9
2022-02-24T08:20:00Z,84,3.9
2022-02-24T08:30:00Z,84,3.9
2022-02-24T08:50:00Z,85,3.8
2022-02-24T09:00:00Z,85,3.8
2022-02-24T09:20:00Z,85,3.8
2022-02-24T09:30:00Z,85,3.8
2022-02-24T09:50:00Z,86,4.2
2022-02-24T10:00:00Z,86,4.2
2022-02-24T10:20:00Z,86,4.2
2022-02-24T10:30:00Z,86,4.2
2022-02-24T10:50:00Z,89,4.2
2022-02-24T11:00:00Z,89,4.2
2022-02-24T11:20:00Z,89,4.2
2022-02-24T11:30:00Z,89,4.2
2022-02-24T11:50:00Z,91,4.2
2022-02-24T12:00:00Z,91,4.2
2022-02-24T12:20:00Z,91,4.2
2022-02-24T12:30:00Z,91,4.2
2022-02-24T12:50:00Z,90,4.3
2022-02-24T13:00:00Z,90,4.3
2022-02-24T13:20:00Z,90,4.3
2022-02-24T13:30:00Z,90,4.3
2022-02-24T13:50:00Z,91,3.5
2022-02-24T14:00:00Z,91,3.5
2022-02-24T14:20:00Z,91,3.5
2022-02-24T14:30:00Z,91,3.5
2022-02-24T14:50:00Z,91,3.9
2022-02-24T15:00:00Z,91,3.9
2022-02-24T15:20:00Z,91,3.9
2022-02-24T15:30:00Z,91,3.9
2022-02-24T15:50:00Z,90,4.1
2022-02-24T16:00:00Z,90,4.1
2022-02-24T16:20:00Z,90,4.1
2022-02-24T16:30:00Z,90,4.1
2022-02-24T16:50:00Z,90,3.4
2022-02-24T17:00:00Z,90,3.4
2022-02-24T17:20:00Z,90,3.4
2022-02-24T17:30:00Z,90,3.4
2022-02-24T17:50:00Z,89,2.9
2022-02-24T18:00:00Z,89,2.9
2022-02-24T18:20:00Z,89,2.9
2022-02-24T18:30:00Z,89,2.9
2022-02-24T18:50:00Z,91,2.2
2022-02-24T19:00:00Z,91,2.2
2022-02-24T19:20:00Z,91,2.2
2022-02-24T19:30:00Z,91,2.2
2022-02-24T19:50:00Z,93,2.6
2022-02-24T20:00:00Z,93,2.6
2022-02-24T20:20:00Z,93,2.6
2022-02-24T20:30:00Z,93,2.6
2022-02-24T20:50:00Z,93,2.6
2022-02-24T21:00:00Z,92,2.4
2022-02-24T21:20:00Z,92,2.4
2022-02-24T21:30:00Z,92,2.4
2022-02-24T21:50:00Z,92,2.4
2022-02-24T22:00:00Z,95,2
2022-02-24T22:20:00Z,95,2
2022-02-24T22:30:00Z,95,2
2022-02-24T22:50:00Z,95,2
2022-02-24T23:00:00Z,96,1.3
2022-02-24T23:20:00Z,96,1.3
2022-02-24T23:30:00Z,96,1.3
2022-02-24T23:50:00Z,96,1.3
2022-02-25T00:00:00Z,98,1
2022-02-25T00:20:00Z,98,1
2022-02-25T00:30:00Z,98,1
2022-02-25T00:50:00Z,98,1
2022-02-25T01:00:00Z,99,0.6
2022-02-25T01:20:00Z,99,0.6
2022-02-25T01:30:00Z,99,0.6
2022-02-25T01:50:00Z,99,0.6
2022-02-25T02:00:00Z,99,0.4
2022-02-25T02:20:00Z,99,0.4
2022-02-25T02:30:00Z,99,0.4
2022-02-25T02:50:00Z,99,0.4
2022-02-25T03:00:00Z,98,0.7
2022-02-25T03:20:00Z,98,0.7
2022-02-25T03:30:00Z,98,0.7
2022-02-25T03:50:00Z,98,0.7
2022-02-25T04:00:00Z,97,0.7
2022-02-25T04:20:00Z,97,0.7
2022-02-25T04:30:00Z,97,0.7
2022-02-25T04:50:00Z,97,0.7
2022-02-25T05:00:00Z,97,0.6
2022-02-25T05:20:00Z,97,0.6
2022-02-25T05:30:00Z,97,0.6
2022-02-25T05:50:00Z,97,0.6
2022-02-25T06:00:00Z,95,0.4
2022-02-25T06:20:00Z,95,0.4
2022-02-25T06:30:00Z,95,0.4
2022-02-25T06:50:00Z,95,0.4
2022-02-25T07:00:00Z,94,0.5
2022-02-25T07:20:00Z,94,0.5
2022-02-25T07:30:00Z,94,0.5
2022-02-25T07:50:00Z,94,0.5
2022-02-25T08:00:00Z,88,1
2022-02-25T08:20:00Z,88,1
2022-02-25T08:30:00Z,88,1
2022-02-25T08:50:00Z,88,1
2022-02-25T09:00:00Z,81,1.4
2022-02-25T09:20:00Z,81,1.4
2022-02-25T09:30:00Z,81,1.4
2022-02-25T09:50:00Z,81,1.4
2022-02-25T10:00:00Z,76,1.8
2022-02-25T10:20:00Z,76,1.8
2022-02-25T10:30:00Z,76,1.8
2022-02-25T10:50:00Z,76,1.8
2022-02-25T11:00:00Z,71,2.9
2022-02-25T11:20:00Z,71,2.9
2022-02-25T11:30:00Z,71,2.9
2022-02-25T11:50:00Z,71,2.9
2022-02-25T12:00:00Z,71,2.9
2022-02-25T12:20:00Z,70,3
2022-02-25T12:30:00Z,70,3
2022-02-25T12:50:00Z,70,3
2022-02-25T13:00:00Z,70,3
2022-02-25T13:20:00Z,70,2.7
2022-02-25T13:30:00Z,70,2.7
2022-02-25T13:50:00Z,70,2.7
2022-02-25T14:00:00Z,70,2.7
2022-02-25T14:20:00Z,67,3.1
2022-02-25T14:30:00Z,67,3.1
2022-02-25T14:50:00Z,67,3.1
2022-02-25T15:00:00Z,67,3.1
2022-02-25T15:20:00Z,66,3.3
2022-02-25T15:30:00Z,66,3.3
2022-02-25T15:50:00Z,66,3.3
2022-02-25T16:00:00Z,66,3.3
2022-02-25T16:20:00Z,68,3.2
2022-02-25T16:30:00Z,68,3.2
2022-02-25T16:50:00Z,68,3.2
2022-02-25T17:00:00Z,68,3.2
2022-02-25T17:20:00Z,71,2.4
2022-02-25T17:30:00Z,71,2.4
2022-02-25T17:50:00Z,71,2.4
2022-02-25T18:00:00Z,71,2.4
2022-02-25T18:20:00Z,73,100
2022-02-25T18:30:00Z,73,1.7
2022-02-25T18:50:00Z,73,1.7
2022-02-25T19:00:00Z,73,1.7
2022-02-25T19:20:00Z,75,1
2022-02-25T19:30:00Z,75,1
2022-02-25T19:50:00Z,75,1
2022-02-25T20:00:00Z,75,1
2022-02-25T20:20:00Z,75,0.6
2022-02-25T20:30:00Z,75,0.6
2022-02-25T20:50:00Z,75,0.6
2022-02-25T21:00:00Z,75,0.6
2022-02-25T21:20:00Z,76,0.1
2022-02-25T21:30:00Z,76,0.1
2022-02-25T21:50:00Z,76,0.1
2022-02-25T22:00:00Z,76,0.1
2022-02-25T22:20:00Z,80,0.1
2022-02-25T22:30:00Z,80,0.1
2022-02-25T22:50:00Z,80,0.1
2022-02-25T23:00:00Z,80,0.1
2022-02-25T23:20:00Z,81,-0.5
2022-02-25T23:30:00Z,81,-0.5
2022-02-25T23:50:00Z,81,-0.5
2022-02-26T00:00:00Z,81,-0.5
2022-02-26T00:20:00Z,80,-0.4
2022-02-26T00:30:00Z,80,-0.4
2022-02-26T00:50:00Z,80,-0.4
2022-02-26T01:00:00Z,80,-0.4
2022-02-26T01:20:00Z,78,-0.9
2022-02-26T01:30:00Z,78,-0.9
2022-02-26T01:50:00Z,78,-0.9
2022-02-26T02:00:00Z,78,-0.9
2022-02-26T02:20:00Z,75,-1.3
2022-02-26T02:30:00Z,75,-1.3
2022-02-26T02:50:00Z,75,-1.3
2022-02-26T03:00:00Z,75,-1.3
2022-02-26T03:20:00Z,75,-1.3
2022-02-26T03:30:00Z,75,-1.6
2022-02-26T03:50:00Z,75,-1.6
2022-02-26T04:00:00Z,75,-1.6
2022-02-26T04:20:00Z,75,-1.6
2022-02-26T04:30:00Z,72,-2.1
2022-02-26T04:50:00Z,72,100
2022-02-26T05:00:00Z,72,-2.1
2022-02-26T05:20:00Z,72,-2.1
2022-02-26T05:30:00Z,73,-2.4
2022-02-26T05:50:00Z,73,-2.4
2022-02-26T06:00:00Z,73,-2.4
2022-02-26T06:20:00Z,73,-2.4
2022-02-26T06:30:00Z,75,-3
2022-02-26T06:50:00Z,75,-3
2022-02-26T07:00:00Z,75,-3
2022-02-26T07:20:00Z,75,-3
2022-02-26T07:30:00Z,74,-3
2022-02-26T07:50:00Z,74,-3
2022-02-26T08:00:00Z,74,-3
2022-02-26T08:20:00Z,74,-3
2022-02-26T08:30:00Z,69,-2.2
2022-02-26T08:50:00Z,69,-2.2
2022-02-26T09:00:00Z,69,-2.2
2022-02-26T09:20:00Z,69,-2.2
2022-02-26T09:30:00Z,63,-0.7
2022-02-26T09:50:00Z,63,-0.7
2022-02-26T10:00:00Z,63,-0.7
2022-02-26T10:20:00Z,63,-0.7
2022-02-26T10:30:00Z,58,0.6
2022-02-26T10:50:00Z,58,0.6
2022-02-26T11:00:00Z,58,0.6
2022-02-26T11:20:00Z,58,0.6
2022-02-26T11:30:00Z,54,1.6
2022-02-26T11:50:00Z,54,1.6
2022-02-26T12:00:00Z,54,1.6
2022-02-26T12:20:00Z,54,1.6
2022-02-26T12:30:00Z,51,2.3
2022-02-26T12:50:00Z,51,2.3
2022-02-26T13:00:00Z,51,2.3
2022-02-26T13:20:00Z,51,2.3
2022-02-26T13:30:00Z,50,2.6
2022-02-26T13:50:00Z,50,2.6
2022-02-26T14:00:00Z,50,2.6
2022-02-26T14:20:00Z,50,2.6
2022-02-26T14:30:00Z,45,2.7
2022-02-26T14:50:00Z,45,2.7
2022-02-26T15:00:00Z,45,2.7
2022-02-26T15:20:00Z,45,2.7
2022-02-26T15:30:00Z,49,2.7
2022-02-26T15:50:00Z,49,2.7
2022-02-26T16:00:00Z,49,2.7
2022-02-26T16:20:00Z,49,2.7
2022-02-26T16:30:00Z,52,1.9
2022-02-26T16:50:00Z,52,1.9
2022-02-26T17:00:00Z,52,1.9
2022-02-26T17:20:00Z,52,1.9
2022-02-26T17:30:00Z,63,0.4
2022-02-26T17:50:00Z,63,0.4
2022-02-26T18:00:00Z,63,0.4
2022-02-26T18:20:00Z,63,0.4
2022-02-26T18:30:00Z,63,0.4
2022-02-26T18:50:00Z,66,-0.7
2022-02-26T19:00:00Z,66,-0.7
2022-02-26T19:20:00Z,66,-0.7
2022-02-26T19:30:00Z,66,-0.7
2022-02-26T19:50:00Z,65,-0.5
2022-02-26T20:00:00Z,65,-0.5
2022-02-26T20:20:00Z,65,-0.5
2022-02-26T20:30:00Z,65,-0.5
2022-02-26T20:50:00Z,68,-0.5
2022-02-26T21:00:00Z,68,-0.5
2022-02-26T21:20:00Z,68,-0.5
2022-02-26T21:30:00Z,68,-0.5
2022-02-26T21:50:00Z,72,-0.8
2022-02-26T22:00:00Z,72,-0.8
2022-02-26T22:20:00Z,72,-0.8
2022-02-26T22:30:00Z,72,-0.8
2022-02-26T22:50:00Z,75,-0.7
2022-02-26T23:00:00Z,75,-0.7
2022-02-26T23:20:00Z,75,-0.7
2022-02-26T23:30:00Z,75,-0.7
2022-02-26T23:50:00Z,70,-0.5
2022-02-27T00:00:00Z,70,-0.5
2022-02-27T00:20:00Z,70,-0.5
2022-02-27T00:30:00Z,70,-0.5
2022-02-27T00:50:00Z,66,-0.2
2022-02-27T01:00:00Z,66,-0.2
2022-02-27T01:20:00Z,66,-0.2
2022-02-27T01:30:00Z,66,-0.2
2022-02-27T01:50:00Z,63,-0.1
2022-02-27T02:00:00Z,63,-0.1
2022-02-27T02:20:00Z,63,-0.1
2022-02-27T02:30:00Z,63,-0.1
2022-02-27T02:50:00Z,62,-0.3
2022-02-27T03:00:00Z,62,-0.3
2022-02-27T03:20:00Z,62,-0.3
2022-02-27T03:30:00Z,62,-0.3
2022-02-27T03:50:00Z,63,0.1
2022-02-27T04:00:00Z,63,0.1
2022-02-27T04:20:00Z,63,0.1
2022-02-27T04:30:00Z,63,0.1
2022-02-27T04:50:00Z,63,0.6
2022-02-27T05:00:00Z,63,0.6
2022-02-27T05:20:00Z,63,0.6
2022-02-27T05:30:00Z,63,0.6
2022-02-27T05:50:00Z,65,0.5
2022-02-27T06:00:00Z,65,0.5
2022-02-27T06:20:00Z,65,0.5
2022-02-27T06:30:00Z,65,0.5
2022-02-27T06:50:00Z,68,0.7
2022-02-27T07:00:00Z,68,0.7
2022-02-27T07:20:00Z,68,0.7
2022-02-27T07:30:00Z,68,0.7
2022-02-27T07:50:00Z,68,1
2022-02-27T08:00:00Z,68,1
2022-02-27T08:20:00Z,68,1
2022-02-27T08:30:00Z,68,1
2022-02-27T08:50:00Z,67,1.9
2022-02-27T09:00:00Z,67,1.9
2022-02-27T09:20:00Z,67,1.9
2022-02-27T09:30:00Z,67,1.9
2022-02-27T09:50:00Z,67,1.9
2022-02-27T10:00:00Z,67,3.7
2022-02-27T10:20:00Z,67,3.7
2022-02-27T10:30:00Z,67,3.7
2022-02-27T10:50:00Z,67,3.7
2022-02-27T11:00:00Z,66,4.3
2022-02-27T11:20:00Z,66,4.3
2022-02-27T11:30:00Z,66,4.3
2022-02-27T11:50:00Z,66,4.3
2022-02-27T12:00:00Z,64,5.1
2022-02-27T12:20:00Z,64,5.1
2022-02-27T12:30:00Z,64,5.1
2022-02-27T12:50:00Z,64,5.1
2022-02-27T13:00:00Z,63,6.2
2022-02-27T13:20:00Z,63,6.2
2022-02-27T13:30:00Z,63,6.2
2022-02-27T13:50:00Z,63,6.2
2022-02-27T14:00:00Z,61,6.2
2022-02-27T14:20:00Z,61,6.2
2022-02-27T14:30:00Z,61,6.2
2022-02-27T14:50:00Z,61,6.2
2022-02-27T15:00:00Z,61,6
2022-02-27T15:20:00Z,61,6
2022-02-27T15:30:00Z,61,6
2022-02-27T15:50:00Z,61,6
2022-02-27T16:00:00Z,61,6.1
2022-02-27T16:20:00Z,61,6.1
2022-02-27T16:30:00Z,61,6.1
2022-02-27T16:50:00Z,61,6.1
2022-02-27T17:00:00Z,62,5.1
2022-02-27T17:20:00Z,62,5.1
2022-02-27T17:30:00Z,62,5.1
2022-02-27T17:50:00Z,62,5.1
2022-02-27T18:00:00Z,66,4.2
2022-02-27T18:20:00Z,66,4.2
2022-02-27T18:30:00Z,66,4.2
2022-02-27T18:50:00Z,66,4.2
2022-02-27T19:00:00Z,78,2.5
2022-02-27T19:20:00Z,78,2.5
2022-02-27T19:30:00Z,78,2.5
2022-02-27T19:50:00Z,78,2.5
2022-02-27T20:00:00Z,78,1.9
2022-02-27T20:20:00Z,78,1.9
2022-02-27T20:30:00Z,78,1.9
2022-02-27T20:50:00Z,78,1.9
2022-02-27T21:00:00Z,80,1.9
2022-02-27T21:20:00Z,80,1.9
2022-02-27T21:30:00Z,80,1.9
2022-02-27T21:50:00Z,80,1.9
2022-02-27T22:00:00Z,80,1.8
2022-02-27T22:20:00Z,80,1.8
2022-02-27T22:30:00Z,80,1.8
2022-02-27T22:50:00Z,80,1.8
2022-02-27T23:00:00Z,80,1.5
2022-02-27T23:20:00Z,80,1.5
2022-02-27T23:30:00Z,80,1.5
2022-02-27T23:50:00Z,80,1.5
2022-02-28T00:00:00Z,77,1.2
2022-02-28T00:20:00Z,77,1.2
2022-02-28T00:30:00Z,77,1.2
2022-02-28T00:50:00Z,77,1.2
2022-02-28T01:00:00Z,77,1.2
2022-02-28T01:20:00Z,72,1.2
2022-02-28T01:30:00Z,72,1.2
2022-02-28T01:50:00Z,72,1.2
2022-02-28T02:00:00Z,72,1.2
2022-02-28T02:20:00Z,70,0.5
2022-02-28T02:30:00Z,70,0.5
2022-02-28T02:50:00Z,70,0.5
2022-02-28T03:00:00Z,70,0.5
2022-02-28T03:20:00Z,70,0.1
2022-02-28T03:30:00Z,70,0.1
2022-02-28T03:50:00Z,70,0.1
2022-02-28T04:00:00Z,70,0.1
2022-02-28T04:20:00Z,72,-1
2022-02-28T04:30:00Z,72,-1
2022-02-28T04:50:00Z,72,-1
2022-02-28T05:00:00Z,72,-1
2022-02-28T05:20:00Z,76,-1.5
2022-02-28T05:30:00Z,76,-1.5
2022-02-28T05:50:00Z,76,-1.5
2022-02-28T06:00:00Z,76,-1.5
2022-02-28T06:20:00Z,78,-1.8
2022-02-28T06:30:00Z,78,-1.8
2022-02-28T06:50:00Z,78,-1.8
2022-02-28T07:00:00Z,78,-1.8
2022-02-28T07:20:00Z,78,-1.5
2022-02-28T07:30:00Z,78,-1.5
2022-02-28T07:50:00Z,78,-1.5
2022-02-28T08:00:00Z,78,-1.5
2022-02-28T08:20:00Z,76,-0.3
2022-02-28T08:30:00Z,76,-0.3
2022-02-28T08:50:00Z,76,-0.3
2022-02-28T09:00:00Z,76,-0.3
2022-02-28T09:20:00Z,73,0.9
2022-02-28T09:30:00Z,73,0.9
2022-02-28T09:50:00Z,73,0.9
2022-02-28T10:00:00Z,73,0.9
2022-02-28T10:20:00Z,69,2.3
2022-02-28T10:30:00Z,69,2.3
2022-02-28T10:50:00Z,69,2.3
2022-02-28T11:00:00Z,69,2.3
2022-02-28T11:20:00Z,64,3.6
2022-02-28T11:30:00Z,64,3.6
2022-02-28T11:50:00Z,64,3.6
2022-02-28T12:00:00Z,64,3.6
2022-02-28T12:20:00Z,61,100
2022-02-28T12:30:00Z,61,4.3
2022-02-28T12:50:00Z,61,4.3
2022-02-28T13:00:00Z,61,4.3
2022-02-28T13:20:00Z,58,4.9
2022-02-28T13:30:00Z,58,4.9
2022-02-28T13:50:00Z,58,4.9
2022-02-28T14:00:00Z,58,4.9
2022-02-28T14:20:00Z,55,5
2022-02-28T14:30:00Z,55,5
2022-02-28T14:50:00Z,55,5
2022-02-28T15:00:00Z,55,5
2022-02-28T15:20:00Z,58,4.6
2022-02-28T15:30:00Z,58,4.6
2022-02-28T15:50:00Z,58,4.6
2022-02-28T16:00:00Z,58,4.6
2022-02-28T16:20:00Z,58,4.6
2022-02-28T16:30:00Z,66,3.6
2022-02-28T16:50:00Z,66,3.6
2022-02-28T17:00:00Z,66,3.6
2022-02-28T17:20:00Z,66,3.6
2022-02-28T17:30:00Z,74,2.5
2022-02-28T17:50:00Z,74,2.5
2022-02-28T18:00:00Z,74,2.5
2022-02-28T18:20:00Z,74,2.5
2022-02-28T18:30:00Z,82,1.2
2022-02-28T18:50:00Z,82,1.2
2022-02-28T19:00:00Z,82,1.2
2022-02-28T19:20:00Z,82,1.2
2022-02-28T19:30:00Z,84,1.4
2022-02-28T19:50:00Z,84,1.4
2022-02-28T20:00:00Z,84,1.4
2022-02-28T20:20:00Z,84,1.4
2022-02-28T20:30:00Z,79,1.1
2022-02-28T20:50:00Z,79,1.1
2022-02-28T21:00:00Z,79,1.1
2022-02-28T21:20:00Z,79,1.1
2022-02-28T21:30:00Z,73,0.7
2022-02-28T21:50:00Z,73,0.7
2022-02-28T22:00:00Z,73,0.7
2022-02-28T22:20:00Z,73,0.7
2022-02-28T22:30:00Z,73,0.3
2022-02-28T22:50:00Z,73,0.3
2022-02-28T23:00:00Z,73,0.3
2022-02-28T23:20:00Z,73,0.3
2022-02-28T23:30:00Z,77,0.7
2022-02-28T23:50:00Z,77,0.7
2022-03-01T00:00:00Z,77,0.7
2022-03-01T00:20:00Z,77,0.7
2022-03-01T00:30:00Z,81,0.9
2022-03-01T00:50:00Z,81,0.9
2022-03-01T01:00:00Z,81,0.9
2022-03-01T01:20:00Z,81,0.9
2022-03-01T01:30:00Z,81,0.8
2022-03-01T01:50:00Z,81,0.8
2022-03-01T02:00:00Z,81,0.8
2022-03-01T02:20:00Z,81,0.8
2022-03-01T02:30:00Z,81,0.4
2022-03-01T02:50:00Z,81,0.4
2022-03-01T03:00:00Z,81,0.4
2022-03-01T03:20:00Z,81,0.4
2022-03-01T03:30:00Z,78,0.1
2022-03-01T03:50:00Z,78,0.1
2022-03-01T04:00:00Z,78,0.1
2022-03-01T04:20:00Z,78,0.1
2022-03-01T04:30:00Z,76,-0.3
2022-03-01T04:50:00Z,76,-0.3
2022-03-01T05:00:00Z,76,-0.3
2022-03-01T05:20:00Z,76,-0.3
2022-03-01T05:30:00Z,77,-0.7
2022-03-01T05:50:00Z,77,-0.7
2022-03-01T06:00:00Z,77,-0.7
2022-03-01T06:20:00Z,77,-0.7
2022-03-01T06:30:00Z,76,-0.7
2022-03-01T06:50:00Z,76,-0.7
2022-03-01T07:00:00Z,76,-0.7
2022-03-01T07:20:00Z,76,-0.7
2022-03-01T07:30:00Z,76,-0.7
2022-03-01T07:50:00Z,75,0.1
2022-03-01T08:00:00Z,75,0.1
2022-03-01T08:20:00Z,75,0.1
2022-03-01T08:30:00Z,75,0.1
2022-03-01T08:50:00Z,71,1.4
2022-03-01T09:00:00Z,71,1.4
2022-03-01T09:20:00Z,71,1.4
2022-03-01T09:30:00Z,71,1.4
2022-03-01T09:50:00Z,66,3
2022-03-01T10:00:00Z,66,3
2022-03-01T10:20:00Z,66,3
2022-03-01T10:30:00Z,66,3
2022-03-01T10:50:00Z,61,4.3
2022-03-01T11:00:00Z,61,4.3
2022-03-01T11:20:00Z,61,4.3
2022-03-01T11:30:00Z,61,4.3
2022-03-01T11:50:00Z,58,5.3
2022-03-01T12:00:00Z,58,5.3
2022-03-01T12:20:00Z,58,5.3
2022-03-01T12:30:00Z,58,5.3
2022-03-01T12:50:00Z,57,6.1
2022-03-01T13:00:00Z,57,6.1
2022-03-01T13:20:00Z,57,6.1
2022-03-01T13:30:00Z,57,6.1
2022-03-01T13:50:00Z,58,6.4
2022-03-01T14:00:00Z,58,6.4
2022-03-01T14:20:00Z,58,6.4
2022-03-01T14:30:00Z,58,6.4
2022-03-01T14:50:00Z,64,6.1
2022-03-01T15:00:00Z,64,6.1
2022-03-01T15:20:00Z,64,6.1
2022-03-01T15:30:00Z,64,6.1
2022-03-01T15:50:00Z,70,5.5
2022-03-01T16:00:00Z,70,5.5
2022-03-01T16:20:00Z,70,5.5
2022-03-01T16:30:00Z,70,5.5
2022-03-01T16:50:00Z,73,4.6
2022-03-01T17:00:00Z,73,4.6
2022-03-01T17:20:00Z,73,4.6
2022-03-01T17:30:00Z,73,4.6
2022-03-01T17:50:00Z,74,3.6
2022-03-01T18:00:00Z,74,3.6
2022-03-01T18:20:00Z,74,3.6
2022-03-01T18:30:00Z,74,3.6
2022-03-01T18:50:00Z,79,3
2022-03-01T19:00:00Z,79,3
2022-03-01T19:20:00Z,79,3
2022-03-01T19:30:00Z,79,3
2022-03-01T19:50:00Z,79,2.6
2022-03-01T20:00:00Z,79,2.6
2022-03-01T20:20:00Z,79,2.6
2022-03-01T20:30:00Z,79,2.6
2022-03-01T20:50:00Z,81,2.8
2022-03-01T21:00:00Z,81,2.8
2022-03-01T21:20:00Z,81,2.8
2022-03-01T21:30:00Z,81,2.8
2022-03-01T21:50:00Z,85,2.7
2022-03-01T22:00:00Z,85,2.7
2022-03-01T22:20:00Z,85,2.7
2022-03-01T22:30:00Z,85,2.7
2022-03-01T22:50:00Z,85,2.7
2022-03-01T23:00:00Z,85,2.8
2022-03-01T23:20:00Z,85,2.8
2022-03-01T23:30:00Z,85,2.8
2022-03-01T23:50:00Z,85,2.8
2022-03-02T00:00:00Z,85,2.6
2022-03-02T00:20:00Z,85,2.6
2022-03-02T00:30:00Z,85,2.6
2022-03-02T00:50:00Z,85,2.6
2022-03-02T01:00:00Z,85,2
2022-03-02T01:20:00Z,85,2
2022-03-02T01:30:00Z,85,2
2022-03-02T01:50:00Z,85,2
2022-03-02T02:00:00Z,86,1.6
2022-03-02T02:20:00Z,86,1.6
2022-03-02T02:30:00Z,86,1.6
2022-03-02T02:50:00Z,86,1.6
2022-03-02T03:00:00Z,86,0.8
2022-03-02T03:20:00Z,86,0.8
2022-03-02T03:30:00Z,86,0.8
2022-03-02T03:50:00Z,86,0.8
2022-03-02T04:00:00Z,88,0.4
2022-03-02T04:20:00Z,88,0.4
2022-03-02T04:30:00Z,88,0.4
2022-03-02T04:50:00Z,88,0.4
2022-03-02T05:00:00Z,88,0
2022-03-02T05:20:00Z,88,0
2022-03-02T05:30:00Z,88,0
2022-03-02T05:50:00Z,88,0
2022-03-02T06:00:00Z,93,-0.6
2022-03-02T06:20:00Z,93,-0.6
2022-03-02T06:30:00Z,93,-0.6
2022-03-02T06:50:00Z,93,-0.6
2022-03-02T07:00:00Z,92,-0.6
2022-03-02T07:20:00Z,92,-0.6
2022-03-02T07:30:00Z,92,-0.6
2022-03-02T07:50:00Z,92,-0.6
2022-03-02T08:00:00Z,90,0.2
2022-03-02T08:20:00Z,90,0.2
2022-03-02T08:30:00Z,90,0.2
2022-03-02T08:50:00Z,90,0.2
2022-03-02T09:00:00Z,86,0.8
2022-03-02T09:20:00Z,86,0.8
2022-03-02T09:30:00Z,86,0.8
2022-03-02T09:50:00Z,86,0.8
2022-03-02T10:00:00Z,80,2.4
2022-03-02T10:20:00Z,80,2.4
2022-03-02T10:30:00Z,80,2.4
2022-03-02T10:50:00Z,80,2.4
2022-03-02T11:00:00Z,75,4.1
2022-03-02T11:20:00Z,75,4.1
2022-03-02T11:30:00Z,75,4.1
2022-03-02T11:50:00Z,75,4.1
2022-03-02T12:00:00Z,69,5.3
2022-03-02T12:20:00Z,69,5.3
2022-03-02T12:30:00Z,69,5.3
2022-03-02T12:50:00Z,69,5.3
2022-03-02T13:00:00Z,66,5.9
2022-03-02T13:20:00Z,66,5.9
2022-03-02T13:30:00Z,66,5.9
2022-03-02T13:50:00Z,66,5.9
2022-03-02T14:00:00Z,66,5.9
2022-03-02T14:20:00Z,67,5.4
2022-03-02T14:30:00Z,67,5.4
2022-03-02T14:50:00Z,67,5.4
2022-03-02T15:00:00Z,67,5.4
2022-03-02T15:20:00Z,70,5.2
2022-03-02T15:30:00Z,70,5.2
2022-03-02T15:50:00Z,70,5.2
2022-03-02T16:00:00Z,70,5.2
2022-03-02T16:20:00Z,75,4.8
2022-03-02T16:30:00Z,75,4.8
2022-03-02T16:50:00Z,75,4.8
2022-03-02T17:00:00Z,75,4.8
2022-03-02T17:20:00Z,80,3.4
2022-03-02T17:30:00Z,80,3.4
2022-03-02T17:50:00Z,80,3.4
2022-03-02T18:00:00Z,80,3.4
2022-03-02T18:20:00Z,83,2.6
2022-03-02T18:30:00Z,83,2.6
2022-03-02T18:50:00Z,83,2.6
2022-03-02T19:00:00Z,83,2.6
2022-03-02T19:20:00Z,85,1.5
2022-03-02T19:30:00Z,85,1.5
2022-03-02T19:50:00Z,85,1.5
2022-03-02T20:00:00Z,85,1.5
2022-03-02T20:20:00Z,86,1
2022-03-02T20:30:00Z,86,1
2022-03-02T20:50:00Z,86,1
2022-03-02T21:00:00Z,86,1
2022-03-02T21:20:00Z,84,0.9
2022-03-02T21:30:00Z,84,0.9
2022-03-02T21:50:00Z,84,0.9
2022-03-02T22:00:00Z,84,0.9
2022-03-02T22:20:00Z,83,0.7
2022-03-02T22:30:00Z,83,0.7
2022-03-02T22:50:00Z,83,0.7
2022-03-02T23:00:00Z,83,0.7
2022-03-02T23:20:00Z,84,0.4
2022-03-02T23:30:00Z,84,0.4
2022-03-02T23:50:00Z,84,0.4
2022-03-03T00:00:00Z,84,0.4
2022-03-03T00:20:00Z,84,0.2
2022-03-03T00:30:00Z,84,0.2
2022-03-03T00:50:00Z,84,0.2
2022-03-03T01:00:00Z,84,0.2
2022-03-03T01:20:00Z,84,-0.3
2022-03-03T01:30:00Z,84,-0.3
2022-03-03T01:50:00Z,84,-0.3
2022-03-03T02:00:00Z,84,-0.3
2022-03-03T02:20:00Z,83,-0.3
2022-03-03T02:30:00Z,83,-0.3
2022-03-03T02:50:00Z,83,-0.3
2022-03-03T03:00:00Z,83,-0.3
2022-03-03T03:20:00Z,81,0.2
2022-03-03T03:30:00Z,81,0.2
2022-03-03T03:50:00Z,81,0.2
2022-03-03T04:00:00Z,81,0.2
2022-03-03T04:20:00Z,82,-0.5
2022-03-03T04:30:00Z,82,-0.5
2022-03-03T04:50:00Z,82,-0.5
2022-03-03T05:00:00Z,82,-0.5
2022-03-03T05:20:00Z,82,-0.5
2022-03-03T05:30:00Z,82,-0.8
2022-03-03T05:50:00Z,82,-0.8
2022-03-03T06:00:00Z,82,-0.8
2022-03-03T06:20:00Z,82,-0.8
2022-03-03T06:30:00Z,80,-0.2
2022-03-03T06:50:00Z,80,-0.2
2022-03-03T07:00:00Z,80,-0.2
2022-03-03T07:20:00Z,80,-0.2
2022-03-03T07:30:00Z,80,0.1
2022-03-03T07:50:00Z,80,0.1
2022-03-03T08:00:00Z,80,0.1
2022-03-03T08:20:00Z,80,0.1
2022-03-03T08:30:00Z,77,1.1
2022-03-03T08:50:00Z,77,1.1
2022-03-03T09:00:00Z,77,1.1
2022-03-03T09:20:00Z,77,1.1
2022-03-03T09:30:00Z,75,2.7
2022-03-03T09:50:00Z,75,2.7
2022-03-03T10:00:00Z,75,2.7
2022-03-03T10:20:00Z,75,2.7
2022-03-03T10:30:00Z,72,3.5
2022-03-03T10:50:00Z,72,3.5
2022-03-03T11:00:00Z,NA,3.5
2022-03-03T11:20:00Z,NA,3.5
2022-03-03T11:30:00Z,68,4.3
2022-03-03T11:50:00Z,68,4.3
2022-03-03T12:00:00Z,68,4.3
2022-03-03T12:20:00Z,68,4.3
2022-03-03T12:30:00Z,66,4.6
2022-03-03T12:50:00Z,66,4.6
2022-03-03T13:00:00Z,66,4.6
2022-03-03T13:20:00Z,66,4.6
2022-03-03T13:30:00Z,68,4.8
2022-03-03T13:50:00Z,68,4.8
2022-03-03T14:00:00Z,68,4.8
2022-03-03T14:20:00Z,68,4.8
2022-03-03T14:30:00Z,66,4.7
2022-03-03T14:50:00Z,66,4.7
2022-03-03T15:00:00Z,66,4.7
2022-03-03T15:20:00Z,66,4.7
2022-03-03T15:30:00Z,67,4.2
2022-03-03T15:50:00Z,67,4.2
2022-03-03T16:00:00Z,67,4.2
2022-03-03T16:20:00Z,67,4.2
2022-03-03T16:30:00Z,71,3.1
2022-03-03T16:50:00Z,71,3.1
2022-03-03T17:00:00Z,71,3.1
2022-03-03T17:20:00Z,71,3.1
2022-03-03T17:30:00Z,74,1.9
2022-03-03T17:50:00Z,74,1.9
2022-03-03T18:00:00Z,74,1.9
2022-03-03T18:20:00Z,74,1.9
2022-03-03T18:30:00Z,78,1.1
2022-03-03T18:50:00Z,78,1.1
2022-03-03T19:00:00Z,78,1.1
2022-03-03T19:20:00Z,78,1.1
2022-03-03T19:30:00Z,81,0.5
2022-03-03T19:50:00Z,81,0.5
2022-03-03T20:00:00Z,81,0.5
2022-03-03T20:20:00Z,81,0.5
2022-03-03T20:30:00Z,81,0.5
2022-03-03T20:50:00Z,82,-0.1
2022-03-03T21:00:00Z,82,-0.1
2022-03-03T21:20:00Z,82,-0.1
2022-03-03T21:30:00Z,82,-0.1
2022-03-03T21:50:00Z,85,-0.6
2022-03-03T22:00:00Z,85,-0.6
2022-03-03T22:20:00Z,85,-0.6
2022-03-03T22:30:00Z,85,-0.6
2022-03-03T22:50:00Z,87,-0.9
2022-03-03T23:00:00Z,87,-0.9
2022-03-03T23:20:00Z,87,-0.9
2022-03-03T23:30:00Z,87,-0.9
2022-03-03T23:50:00Z,88,-1.4
2022-03-04T00:00:00Z,88,-1.4
2022-03-04T00:20:00Z,88,-1.4
2022-03-04T00:30:00Z,88,-1.4
2022-03-04T00:50:00Z,89,-1.8
2022-03-04T01:00:00Z,89,-1.8
2022-03-04T01:20:00Z,89,-1.8
2022-03-04T01:30:00Z,89,-1.8
2022-03-04T01:50:00Z,89,-2.1
2022-03-04T02:00:00Z,89,-2.1
2022-03-04T02:20:00Z,89,-2.1
2022-03-04T02:30:00Z,89,-2.1
2022-03-04T02:50:00Z,88,-2.5
2022-03-04T03:00:00Z,88,-2.5
2022-03-04T03:20:00Z,88,-2.5
2022-03-04T03:30:00Z,88,-2.5
2022-03-04T03:50:00Z,89,-2.8
2022-03-04T04:00:00Z,89,-2.8
2022-03-04T04:20:00Z,89,-2.8
2022-03-04T04:30:00Z,89,-2.8
2022-03-04T04:50:00Z,89,-3.2
2022-03-04T05:00:00Z,89,-3.2
2022-03-04T05:20:00Z,89,-3.2
2022-03-04T05:30:00Z,89,-3.2
2022-03-04T05:50:00Z,91,-3.5
2022-03-04T06:00:00Z,91,-3.5
2022-03-04T06:20:00Z,91,-3.5
2022-03-04T06:30:00Z,91,-3.5
2022-03-04T06:50:00Z,89,-3.5
2022-03-04T07:00:00Z,89,-3.5
2022-03-04T07:20:00Z,89,-3.5
2022-03-04T07:30:00Z,89,-3.5
2022-03-04T07:50:00Z,86,-2.4
2022-03-04T08:00:00Z,86,-2.4
2022-03-04T08:20:00Z,86,-2.4
2022-03-04T08:30:00Z,86,-2.4
2022-03-04T08:50:00Z,80,-1
2022-03-04T09:00:00Z,80,-1
2022-03-04T09:20:00Z,80,-1
2022-03-04T09:30:00Z,80,-1
2022-03-04T09:50:00Z,74,0.9
2022-03-04T10:00:00Z,74,0.9
2022-03-04T10:20:00Z,74,0.9
2022-03-04T10:30:00Z,74,0.9
2022-03-04T10:50:00Z,57,2.1
2022-03-04T11:00:00Z,57,2.1
2022-03-04T11:20:00Z,57,2.1
2022-03-04T11:30:00Z,57,2.1
2022-03-04T11:50:00Z,57,2.1
2022-03-04T12:00:00Z,48,2.9
2022-03-04T12:20:00Z,48,2.9
2022-03-04T12:30:00Z,48,2.9
2022-03-04T12:50:00Z,48,2.9
2022-03-04T13:00:00Z,42,3.5
2022-03-04T13:20:00Z,42,3.5
2022-03-04T13:30:00Z,42,3.5
2022-03-04T13:50:00Z,42,3.5
2022-03-04T14:00:00Z,40,3.9
2022-03-04T14:20:00Z,40,3.9
2022-03-04T14:30:00Z,40,3.9
2022-03-04T14:50:00Z,40,3.9
2022-03-04T15:00:00Z,37,4.1
2022-03-04T15:20:00Z,37,4.1
2022-03-04T15:30:00Z,37,4.1
2022-03-04T15:50:00Z,37,4.1
2022-03-04T16:00:00Z,42,3.8
2022-03-04T16:20:00Z,42,3.8
2022-03-04T16:30:00Z,42,3.8
2022-03-04T16:50:00Z,42,3.8
2022-03-04T17:00:00Z,52,2.9
2022-03-04T17:20:00Z,52,2.9
2022-03-04T17:30:00Z,52,2.9
2022-03-04T17:50:00Z,52,2.9
2022-03-04T18:00:00Z,62,1.7
2022-03-04T18:20:00Z,62,1.7
2022-03-04T18:30:00Z,62,1.7
2022-03-04T18:50:00Z,62,1.7
2022-03-04T19:00:00Z,65,-0.1
2022-03-04T19:20:00Z,65,-0.1
2022-03-04T19:30:00Z,65,-0.1
2022-03-04T19:50:00Z,65,-0.1
2022-03-04T20:00:00Z,74,-1.1
2022-03-04T20:20:00Z,74,-1.1
2022-03-04T20:30:00Z,74,-1.1
2022-03-04T20:50:00Z,74,-1.1
2022-03-04T21:00:00Z,70,-0.9
2022-03-04T21:20:00Z,70,-0.9
2022-03-04T21:30:00Z,70,-0.9
2022-03-04T21:50:00Z,70,-0.9
2022-03-04T22:00:00Z,70,-1.9
2022-03-04T22:20:00Z,70,-1.9
2022-03-04T22:30:00Z,70,-1.9
2022-03-04T22:50:00Z,70,-1.9
2022-03-04T23:00:00Z,72,-2.6
2022-03-04T23:20:00Z,72,-2.6
2022-03-04T23:30:00Z,72,-2.6
2022-03-04T23:50:00Z,72,-2.6
2022-03-05T00:00:00Z,75,-3.2
2022-03-05T00:20:00Z,75,-3.2
2022-03-05T00:30:00Z,75,-3.2
2022-03-05T00:50:00Z,75,-3.2
2022-03-05T01:00:00Z,76,-3.4
2022-03-05T01:20:00Z,76,-3.4
2022-03-05T01:30:00Z,76,-3.4
2022-03-05T01:50:00Z,76,-3.4
2022-03-05T02:00:00Z,78,-3.8
2022-03-05T02:20:00Z,78,-3.8
2022-03-05T02:30:00Z,78,-3.8
2022-03-05T02:50:00Z,78,-3.8
2022-03-05T03:00:00Z,78,-3.8
2022-03-05T03:20:00Z,81,-4.3
2022-03-05T03:30:00Z,81,-4.3
2022-03-05T03:50:00Z,81,-4.3
2022-03-05T04:00:00Z,81,-4.3
2022-03-05T04:20:00Z,82,-4.6
2022-03-05T04:30:00Z,82,-4.6
2022-03-05T04:50:00Z,82,-4.6
2022-03-05T05:00:00Z,82,-4.6
2022-03-05T05:20:00Z,84,-4.6
2022-03-05T05:30:00Z,84,-4.6
2022-03-05T05:50:00Z,84,-4.6
2022-03-05T06:00:00Z,84,-4.6
2022-03-05T06:20:00Z,84,-4.4
2022-03-05T06:30:00Z,84,-4.4
2022-03-05T06:50:00Z,84,-4.4
2022-03-05T07:00:00Z,84,-4.4
2022-03-05T07:20:00Z,81,-3.3
2022-03-05T07:30:00Z,81,-3.3
2022-03-05T07:50:00Z,81,-3.3
2022-03-05T08:00:00Z,81,-3.3
2022-03-05T08:20:00Z,75,-2
2022-03-05T08:30:00Z,75,-2
2022-03-05T08:50:00Z,75,-2
2022-03-05T09:00:00Z,75,-2
2022-03-05T09:20:00Z,68,0.1
2022-03-05T09:30:00Z,68,0.1
2022-03-05T09:50:00Z,68,0.1
2022-03-05T10:00:00Z,68,0.1
2022-03-05T10:20:00Z,61,1.6
2022-03-05T10:30:00Z,61,1.6
2022-03-05T10:50:00Z,61,1.6
2022-03-05T11:00:00Z,61,1.6
2022-03-05T11:20:00Z,55,3.1
2022-03-05T11:30:00Z,55,3.1
2022-03-05T11:50:00Z,55,3.1
2022-03-05T12:00:00Z,55,3.1
2022-03-05T12:20:00Z,51,4.2
2022-03-05T12:30:00Z,51,4.2
2022-03-05T12:50:00Z,51,4.2
2022-03-05T13:00:00Z,51,4.2
2022-03-05T13:20:00Z,50,4.4
2022-03-05T13:30:00Z,50,4.4
2022-03-05T13:50:00Z,50,4.4
2022-03-05T14:00:00Z,50,4.4
2022-03-05T14:20:00Z,50,4.7
2022-03-05T14:30:00Z,50,4.7
2022-03-05T14:50:00Z,50,4.7
2022-03-05T15:00:00Z,50,4.7
2022-03-05T15:20:00Z,51,4.6
2022-03-05T15:30:00Z,51,4.6
2022-03-05T15:50:00Z,51,4.6
2022-03-05T16:00:00Z,51,4.6
2022-03-05T16:20:00Z,NA,4
2022-03-05T16:30:00Z,57,4
2022-03-05T16:50:00Z,57,4
2022-03-05T17:00:00Z,57,4
2022-03-05T17:20:00Z,61,2.5
2022-03-05T17:30:00Z,61,2.5
2022-03-05T17:50:00Z,61,2.5
2022-03-05T18:00:00Z,61,2.5
2022-03-05T18:20:00Z,61,2.5
2022-03-05T18:30:00Z,70,1.5
2022-03-05T18:50:00Z,70,1.5
2022-03-05T19:00:00Z,70,1.5
2022-03-05T19:20:00Z,70,1.5
2022-03-05T19:30:00Z,78,1
2022-03-05T19:50:00Z,78,1
2022-03-05T20:00:00Z,78,1
2022-03-05T20:20:00Z,78,1
2022-03-05T20:30:00Z,84,0.5
2022-03-05T20:50:00Z,84,0.5
2022-03-05T21:00:00Z,84,0.5
2022-03-05T21:20:00Z,84,0.5
2022-03-05T21:30:00Z,87,0.1
2022-03-05T21:50:00Z,87,0.1
2022-03-05T22:00:00Z,87,0.1
2022-03-05T22:20:00Z,87,0.1
2022-03-05T22:30:00Z,90,-0.3
2022-03-05T22:50:00Z,90,-0.3
2022-03-05T23:00:00Z,90,-0.3
2022-03-05T23:20:00Z,90,-0.3
2022-03-05T23:30:00Z,92,-0.7
2022-03-05T23:50:00Z,92,-0.7
2022-03-06T00:00:00Z,92,-0.7
2022-03-06T00:20:00Z,92,-0.7
2022-03-06T00:30:00Z,93,-1
2022-03-06T00:50:00Z,93,-1
2022-03-06T01:00:00Z,93,-1
2022-03-06T01:20:00Z,93,-1
2022-03-06T01:30:00Z,92,-1.4
2022-03-06T01:50:00Z,92,-1.4
2022-03-06T02:00:00Z,92,-1.4
2022-03-06T02:20:00Z,92,-1.4
2022-03-06T02:30:00Z,90,-1.6
2022-03-06T02:50:00Z,90,-1.6
2022-03-06T03:00:00Z,90,-1.6
2022-03-06T03:20:00Z,90,-1.6
2022-03-06T03:30:00Z,87,-1.4
2022-03-06T03:50:00Z,87,-1.4
2022-03-06T04:00:00Z,87,-1.4
2022-03-06T04:20:00Z,87,-1.4
2022-03-06T04:30:00Z,84,-1.3
2022-03-06T04:50:00Z,84,-1.3
2022-03-06T05:00:00Z,84,-1.3
2022-03-06T05:20:00Z,84,-1.3
2022-03-06T05:30:00Z,84,-1.5
2022-03-06T05:50:00Z,84,-1.5
2022-03-06T06:00:00Z,84,-1.5
2022-03-06T06:20:00Z,84,-1.5
2022-03-06T06:30:00Z,83,-1.9
2022-03-06T06:50:00Z,83,-1.9
2022-03-06T07:00:00Z,83,-1.9
2022-03-06T07:20:00Z,83,-1.9
2022-03-06T07:30:00Z,80,-1.7
2022-03-06T07:50:00Z,80,-1.7
2022-03-06T08:00:00Z,80,-1.7
2022-03-06T08:20:00Z,80,-1.7
2022-03-06T08:30:00Z,74,-0.7
2022-03-06T08:50:00Z,74,-0.7
2022-03-06T09:00:00Z,74,-0.7
2022-03-06T09:20:00Z,74,-0.7
2022-03-06T09:30:00Z,74,-0.7
2022-03-06T09:50:00Z,68,1.5
2022-03-06T10:00:00Z,68,1.5
2022-03-06T10:20:00Z,68,1.5
2022-03-06T10:30:00Z,68,1.5
2022-03-06T10:50:00Z,65,2.6
2022-03-06T11:00:00Z,65,2.6
2022-03-06T11:20:00Z,65,2.6
2022-03-06T11:30:00Z,65,2.6
2022-03-06T11:50:00Z,61,3.9
2022-03-06T12:00:00Z,61,3.9
2022-03-06T12:20:00Z,61,3.9
2022-03-06T12:30:00Z,61,3.9
2022-03-06T12:50:00Z,59,4.7
2022-03-06T13:00:00Z,59,4.7
2022-03-06T13:20:00Z,59,4.7
2022-03-06T13:30:00Z,59,4.7
2022-03-06T13:50:00Z,58,5.3
2022-03-06T14:00:00Z,58,5.3
2022-03-06T14:20:00Z,58,5.3
2022-03-06T14:30:00Z,58,5.3
2022-03-06T14:50:00Z,56,5.8
2022-03-06T15:00:00Z,56,5.8
2022-03-06T15:20:00Z,56,5.8
2022-03-06T15:30:00Z,56,5.8
2022-03-06T15:50:00Z,56,5.8
2022-03-06T16:00:00Z,56,5.8
2022-03-06T16:20:00Z,56,5.8
2022-03-06T16:30:00Z,56,5.8
2022-03-06T16:50:00Z,58,4.8
2022-03-06T17:00:00Z,58,4.8
2022-03-06T17:20:00Z,58,4.8
2022-03-06T17:30:00Z,58,4.8
2022-03-06T17:50:00Z,70,3.3
2022-03-06T18:00:00Z,70,3.3
2022-03-06T18:20:00Z,70,3.3
2022-03-06T18:30:00Z,70,3.3
2022-03-06T18:50:00Z,72,2.6
2022-03-06T19:00:00Z,72,2.6
2022-03-06T19:20:00Z,72,2.6
2022-03-06T19:30:00Z,72,2.6
2022-03-06T19:50:00Z,74,2.1
2022-03-06T20:00:00Z,74,2.1
2022-03-06T20:20:00Z,74,2.1
2022-03-06T20:30:00Z,74,2.1
2022-03-06T20:50:00Z,74,1.5
2022-03-06T21:00:00Z,74,1.5
2022-03-06T21:20:00Z,74,1.5
2022-03-06T21:30:00Z,74,1.5
2022-03-06T21:50:00Z,75,1.2
2022-03-06T22:00:00Z,75,1.2
2022-03-06T22:20:00Z,75,1.2
2022-03-06T22:30:00Z,75,1.2
2022-03-06T22:50:00Z,75,0.8
2022-03-06T23:00:00Z,75,0.8
2022-03-06T23:20:00Z,75,0.8
2022-03-06T23:30:00Z,75,0.8
2022-03-06T23:50:00Z,75,0.8
2022-03-07T00:00:00Z,75,0.8
2022-03-07T00:20:00Z,75,0.8
2022-03-07T00:30:00Z,75,0.8
2022-03-07T00:50:00Z,75,0.8
2022-03-07T01:00:00Z,75,1
2022-03-07T01:20:00Z,75,1
2022-03-07T01:30:00Z,75,1
2022-03-07T01:50:00Z,75,1
2022-03-07T02:00:00Z,77,1
2022-03-07T02:20:00Z,77,1
2022-03-07T02:30:00Z,77,1
2022-03-07T02:50:00Z,77,1
2022-03-07T03:00:00Z,78,1.2
2022-03-07T03:20:00Z,78,1.2
2022-03-07T03:30:00Z,78,1.2
2022-03-07T03:50:00Z,78,1.2
2022-03-07T04:00:00Z,81,0.7
2022-03-07T04:20:00Z,81,0.7
2022-03-07T04:30:00Z,81,0.7
2022-03-07T04:50:00Z,81,0.7
2022-03-07T05:00:00Z,83,0.3
2022-03-07T05:20:00Z,83,0.3
2022-03-07T05:30:00Z,83,0.3
2022-03-07T05:50:00Z,83,0.3
2022-03-07T06:00:00Z,85,-0.2
2022-03-07T06:20:00Z,85,-0.2
2022-03-07T06:30:00Z,85,-0.2
2022-03-07T06:50:00Z,85,-0.2
2022-03-07T07:00:00Z,85,-0.3
2022-03-07T07:20:00Z,85,-0.3
2022-03-07T07:30:00Z,85,-0.3
2022-03-07T07:50:00Z,85,-0.3
2022-03-07T08:00:00Z,82,0.6
2022-03-07T08:20:00Z,82,0.6
2022-03-07T08:30:00Z,82,0.6
2022-03-07T08:50:00Z,82,0.6
2022-03-07T09:00:00Z,76,1.9
2022-03-07T09:20:00Z,76,1.9
2022-03-07T09:30:00Z,76,1.9
2022-03-07T09:50:00Z,76,1.9
2022-03-07T10:00:00Z,66,4.1
2022-03-07T10:20:00Z,66,4.1
2022-03-07T10:30:00Z,66,4.1
2022-03-07T10:50:00Z,66,4.1
2022-03-07T11:00:00Z,63,5
2022-03-07T11:20:00Z,63,5
2022-03-07T11:30:00Z,63,5
2022-03-07T11:50:00Z,63,5
2022-03-07T12:00:00Z,61,5.6
2022-03-07T12:20:00Z,61,5.6
2022-03-07T12:30:00Z,61,5.6
2022-03-07T12:50:00Z,61,5.6
2022-03-07T13:00:00Z,60,6
2022-03-07T13:20:00Z,60,6
2022-03-07T13:30:00Z,60,6
2022-03-07T13:50:00Z,60,6
2022-03-07T14:00:00Z,60,6.1
2022-03-07T14:20:00Z,60,6.1
2022-03-07T14:30:00Z,60,6.1
2022-03-07T14:50:00Z,60,6.1
2022-03-07T15:00:00Z,64,5.8
2022-03-07T15:20:00Z,64,5.8
2022-03-07T15:30:00Z,64,5.8
2022-03-07T15:50:00Z,64,5.8
2022-03-07T16:00:00Z,64,5.8
2022-03-07T16:20:00Z,69,6.3
2022-03-07T16:30:00Z,69,6.3
2022-03-07T16:50:00Z,69,6.3
2022-03-07T17:00:00Z,69,6.3
2022-03-07T17:20:00Z,78,5.2
2022-03-07T17:30:00Z,78,5.2
2022-03-07T17:50:00Z,78,5.2
2022-03-07T18:00:00Z,78,5.2
2022-03-07T18:20:00Z,80,4.2
2022-03-07T18:30:00Z,80,4.2
2022-03-07T18:50:00Z,80,4.2
2022-03-07T19:00:00Z,80,4.2
2022-03-07T19:20:00Z,83,4.4
2022-03-07T19:30:00Z,83,4.4
2022-03-07T19:50:00Z,83,4.4
2022-03-07T20:00:00Z,83,4.4
2022-03-07T20:20:00Z,84,4.5
2022-03-07T20:30:00Z,84,4.5
2022-03-07T20:50:00Z,84,4.5
2022-03-07T21:00:00Z,84,4.5
2022-03-07T21:20:00Z,86,4.1
2022-03-07T21:30:00Z,86,4.1
2022-03-07T21:50:00Z,86,4.1
2022-03-07T22:00:00Z,86,4.1
2022-03-07T22:20:00Z,87,3
2022-03-07T22:30:00Z,87,3
2022-03-07T22:50:00Z,87,3
2022-03-07T23:00:00Z,87,3
2022-03-07T23:20:00Z,87,3.3
2022-03-07T23:30:00Z,87,3.3
2022-03-07T23:50:00Z,87,3.3
2022-03-08T00:00:00Z,87,3.3
2022-03-08T00:20:00Z,88,2.8
2022-03-08T00:30:00Z,88,2.8
2022-03-08T00:50:00Z,88,2.8
2022-03-08T01:00:00Z,88,2.8
2022-03-08T01:20:00Z,88,2.2
2022-03-08T01:30:00Z,88,2.2
2022-03-08T01:50:00Z,88,2.2
2022-03-08T02:00:00Z,88,2.2
2022-03-08T02:20:00Z,85,1.5
2022-03-08T02:30:00Z,85,1.5
2022-03-08T02:50:00Z,85,1.5
2022-03-08T03:00:00Z,85,1.5
2022-03-08T03:20:00Z,83,0.8
2022-03-08T03:30:00Z,83,0.8
2022-03-08T03:50:00Z,83,0.8
2022-03-08T04:00:00Z,83,0.8
2022-03-08T04:20:00Z,83,0.2
2022-03-08T04:30:00Z,83,0.2
2022-03-08T04:50:00Z,83,0.2
2022-03-08T05:00:00Z,83,0.2
2022-03-08T05:20:00Z,84,-0.6
2022-03-08T05:30:00Z,84,-0.6
2022-03-08T05:50:00Z,84,-0.6
2022-03-08T06:00:00Z,84,-0.6
2022-03-08T06:20:00Z,82,-0.6
2022-03-08T06:30:00Z,82,-0.6
2022-03-08T06:50:00Z,82,-0.6
2022-03-08T07:00:00Z,82,-0.6
2022-03-08T07:20:00Z,82,-0.6
2022-03-08T07:30:00Z,78,0.3
2022-03-08T07:50:00Z,78,0.3
2022-03-08T08:00:00Z,78,0.3
2022-03-08T08:20:00Z,78,0.3
2022-03-08T08:30:00Z,73,0.9
2022-03-08T08:50:00Z,73,0.9
2022-03-08T09:00:00Z,73,0.9
2022-03-08T09:20:00Z,73,0.9
2022-03-08T09:30:00Z,70,2.8
2022-03-08T09:50:00Z,70,2.8
2022-03-08T10:00:00Z,70,2.8
2022-03-08T10:20:00Z,70,2.8
2022-03-08T10:30:00Z,68,4.8
2022-03-08T10:50:00Z,68,4.8
2022-03-08T11:00:00Z,68,4.8
2022-03-08T11:20:00Z,68,4.8
2022-03-08T11:30:00Z,65,4.4
2022-03-08T11:50:00Z,65,4.4
2022-03-08T12:00:00Z,65,4.4
2022-03-08T12:20:00Z,65,4.4
2022-03-08T12:30:00Z,61,5.3
2022-03-08T12:50:00Z,61,5.3
2022-03-08T13:00:00Z,61,5.3
2022-03-08T13:20:00Z,61,5.3
2022-03-08T13:30:00Z,59,7.9
2022-03-08T13:50:00Z,59,7.9
2022-03-08T14:00:00Z,59,7.9
2022-03-08T14:20:00Z,59,7.9
2022-03-08T14:30:00Z,58,8.1
2022-03-08T14:50:00Z,58,8.1
2022-03-08T15:00:00Z,58,8.1
2022-03-08T15:20:00Z,58,8.1
2022-03-08T15:30:00Z,61,6.2
2022-03-08T15:50:00Z,61,6.2
2022-03-08T16:00:00Z,61,6.2
2022-03-08T16:20:00Z,61,6.2
2022-03-08T16:30:00Z,67,6.9
2022-03-08T16:50:00Z,67,6.9
2022-03-08T17:00:00Z,67,6.9
2022-03-08T17:20:00Z,67,6.9
2022-03-08T17:30:00Z,75,4.7
2022-03-08T17:50:00Z,75,4.7
2022-03-08T18:00:00Z,75,4.7
2022-03-08T18:20:00Z,75,4.7
2022-03-08T18:30:00Z,80,3.2
2022-03-08T18:50:00Z,80,3.2
2022-03-08T19:00:00Z,80,3.2
2022-03-08T19:20:00Z,80,3.2
2022-03-08T19:30:00Z,82,2.4
2022-03-08T19:50:00Z,82,2.4
2022-03-08T20:00:00Z,82,2.4
2022-03-08T20:20:00Z,82,2.4
2022-03-08T20:30:00Z,84,1.8
2022-03-08T20:50:00Z,84,1.8
2022-03-08T21:00:00Z,84,1.8
2022-03-08T21:20:00Z,84,1.8
2022-03-08T21:30:00Z,85,0.8
2022-03-08T21:50:00Z,85,0.8
2022-03-08T22:00:00Z,85,0.8
2022-03-08T22:20:00Z,85,0.8
2022-03-08T22:30:00Z,85,0.8
2022-03-08T22:50:00Z,85,0.1
2022-03-08T23:00:00Z,85,0.1
2022-03-08T23:20:00Z,85,0.1
2022-03-08T23:30:00Z,85,0.1
2022-03-08T23:50:00Z,85,-0.5
2022-03-09T00:00:00Z,85,-0.5
2022-03-09T00:20:00Z,85,-0.5
2022-03-09T00:30:00Z,85,-0.5
2022-03-09T00:50:00Z,84,-0.9
2022-03-09T01:00:00Z,84,-0.9
2022-03-09T01:20:00Z,84,-0.9
2022-03-09T01:30:00Z,84,-0.9
2022-03-09T01:50:00Z,82,-1.1
2022-03-09T02:00:00Z,82,-1.1
2022-03-09T02:20:00Z,82,-1.1
2022-03-09T02:30:00Z,82,-1.1
2022-03-09T02:50:00Z,81,-1.4
2022-03-09T03:00:00Z,81,-1.4
2022-03-09T03:20:00Z,81,-1.4
2022-03-09T03:30:00Z,81,-1.4
2022-03-09T03:50:00Z,80,-1.7
2022-03-09T04:00:00Z,80,-1.7
2022-03-09T04:20:00Z,80,-1.7
2022-03-09T04:30:00Z,80,-1.7
2022-03-09T04:50:00Z,79,-2.1
2022-03-09T05:00:00Z,79,-2.1
2022-03-09T05:20:00Z,79,-2.1
2022-03-09T05:30:00Z,79,-2.1
2022-03-09T05:50:00Z,82,-2.7
2022-03-09T06:00:00Z,82,-2.7
2022-03-09T06:20:00Z,82,-2.7
2022-03-09T06:30:00Z,82,-2.7
2022-03-09T06:50:00Z,77,-2.2
2022-03-09T07:00:00Z,77,-2.2
2022-03-09T07:20:00Z,77,-2.2
2022-03-09T07:30:00Z,77,-2.2
2022-03-09T07:50:00Z,75,-1.1
2022-03-09T08:00:00Z,75,-1.1
2022-03-09T08:20:00Z,75,-1.1
2022-03-09T08:30:00Z,75,-1.1
2022-03-09T08:50:00Z,71,0.6
2022-03-09T09:00:00Z,71,0.6
2022-03-09T09:20:00Z,71,0.6
2022-03-09T09:30:00Z,71,0.6
2022-03-09T09:50:00Z,73,2.6
2022-03-09T10:00:00Z,73,2.6
2022-03-09T10:20:00Z,73,2.6
2022-03-09T10:30:00Z,73,2.6
2022-03-09T10:50:00Z,70,4.5
2022-03-09T11:00:00Z,70,4.5
2022-03-09T11:20:00Z,70,4.5
2022-03-09T11:30:00Z,70,4.5
2022-03-09T11:50:00Z,67,6.2
2022-03-09T12:00:00Z,67,6.2
2022-03-09T12:20:00Z,67,6.2
2022-03-09T12:30:00Z,67,6.2
2022-03-09T12:50:00Z,68,7.2
2022-03-09T13:00:00Z,68,7.2
2022-03-09T13:20:00Z,68,7.2
2022-03-09T13:30:00Z,68,7.2
2022-03-09T13:50:00Z,68,7.2
2022-03-09T14:00:00Z,70,7.2
2022-03-09T14:20:00Z,70,7.2
2022-03-09T14:30:00Z,70,7.2
2022-03-09T14:50:00Z,70,7.2
2022-03-09T15:00:00Z,78,3.8
2022-03-09T15:20:00Z,78,3.8
2022-03-09T15:30:00Z,78,3.8
2022-03-09T15:50:00Z,78,3.8
2022-03-09T16:00:00Z,82,3.3
2022-03-09T16:20:00Z,82,3.3
2022-03-09T16:30:00Z,82,3.3
2022-03-09T16:50:00Z,82,3.3
2022-03-09T17:00:00Z,85,3
2022-03-09T17:20:00Z,85,3
2022-03-09T17:30:00Z,85,3
2022-03-09T17:50:00Z,85,3
2022-03-09T18:00:00Z,87,2.6
2022-03-09T18:20:00Z,87,2.6
2022-03-09T18:30:00Z,87,2.6
2022-03-09T18:50:00Z,87,2.6
2022-03-09T19:00:00Z,89,2.5
2022-03-09T19:20:00Z,89,2.5
2022-03-09T19:30:00Z,89,2.5
2022-03-09T19:50:00Z,89,2.5
2022-03-09T20:00:00Z,89,1.9
2022-03-09T20:20:00Z,89,1.9
2022-03-09T20:30:00Z,89,1.9
2022-03-09T20:50:00Z,89,1.9
2022-03-09T21:00:00Z,88,1.9
2022-03-09T21:20:00Z,88,1.9
2022-03-09T21:30:00Z,88,1.9
2022-03-09T21:50:00Z,88,1.9
2022-03-09T22:00:00Z,88,2.1
2022-03-09T22:20:00Z,88,2.1
2022-03-09T22:30:00Z,88,2.1
2022-03-09T22:50:00Z,88,2.1
2022-03-09T23:00:00Z,87,1.7
2022-03-09T23:20:00Z,87,1.7
2022-03-09T23:30:00Z,87,1.7
2022-03-09T23:50:00Z,87,1.7
2022-03-10T00:00:00Z,88,1.8
2022-03-10T00:20:00Z,88,1.8
2022-03-10T00:30:00Z,88,1.8
2022-03-10T00:50:00Z,88,1.8
2022-03-10T01:00:00Z,88,1.7
2022-03-10T01:20:00Z,88,1.7
2022-03-10T01:30:00Z,88,1.7
2022-03-10T01:50:00Z,88,1.7
2022-03-10T02:00:00Z,89,1.5
2022-03-10T02:20:00Z,89,1.5
2022-03-10T02:30:00Z,89,1.5
2022-03-10T02:50:00Z,89,1.5
2022-03-10T03:00:00Z,90,1.5
2022-03-10T03:20:00Z,90,1.5
2022-03-10T03:30:00Z,90,1.5
2022-03-10T03:50:00Z,90,1.5
2022-03-10T04:00:00Z,88,1.5
2022-03-10T04:20:00Z,88,1.5
2022-03-10T04:30:00Z,88,1.5
2022-03-10T04:50:00Z,88,1.5
2022-03-10T05:00:00Z,88,1.5
2022-03-10T05:20:00Z,86,1.4
2022-03-10T05:30:00Z,86,1.4
2022-03-10T05:50:00Z,86,1.4
2022-03-10T06:00:00Z,86,1.4
2022-03-10T06:20:00Z,82,1.5
2022-03-10T06:30:00Z,82,1.5
2022-03-10T06:50:00Z,82,1.5
2022-03-10T07:00:00Z,82,1.5
2022-03-10T07:20:00Z,80,1.7
2022-03-10T07:30:00Z,80,1.7
2022-03-10T07:50:00Z,80,1.7
2022-03-10T08:00:00Z,80,1.7
2022-03-10T08:20:00Z,79,2.4
2022-03-10T08:30:00Z,79,2.4
2022-03-10T08:50:00Z,79,2.4
2022-03-10T09:00:00Z,79,2.4
2022-03-10T09:20:00Z,79,3.2
2022-03-10T09:30:00Z,79,3.2
2022-03-10T09:50:00Z,79,3.2
2022-03-10T10:00:00Z,79,3.2
2022-03-10T10:20:00Z,78,3.6
2022-03-10T10:30:00Z,78,3.6
2022-03-10T10:50:00Z,78,3.6
2022-03-10T11:00:00Z,78,3.6
2022-03-10T11:20:00Z,74,4.3
2022-03-10T11:30:00Z,74,4.3
2022-03-10T11:50:00Z,74,4.3
2022-03-10T12:00:00Z,74,4.3
2022-03-10T12:20:00Z,74,4
2022-03-10T12:30:00Z,74,4
2022-03-10T12:50:00Z,74,4
2022-03-10T13:00:00Z,74,4
2022-03-10T13:20:00Z,65,4.2
2022-03-10T13:30:00Z,65,4.2
2022-03-10T13:50:00Z,65,4.2
2022-03-10T14:00:00Z,65,4.2
2022-03-10T14:20:00Z,66,4.1
2022-03-10T14:30:00Z,66,4.1
2022-03-10T14:50:00Z,66,4.1
2022-03-10T15:00:00Z,66,4.1
2022-03-10T15:20:00Z,70,3.3
2022-03-10T15:30:00Z,70,3.3
2022-03-10T15:50:00Z,70,3.3
2022-03-10T16:00:00Z,70,3.3
2022-03-10T16:20:00Z,74,2.4
2022-03-10T16:30:00Z,74,2.4
2022-03-10T16:50:00Z,74,2.4
2022-03-10T17:00:00Z,74,2.4
2022-03-10T17:20:00Z,78,1.6
2022-03-10T17:30:00Z,78,1.6
2022-03-10T17:50:00Z,78,1.6
2022-03-10T18:00:00Z,78,1.6
2022-03-10T18:20:00Z,82,1.2
2022-03-10T18:30:00Z,82,1.2
2022-03-10T18:50:00Z,82,1.2
2022-03-10T19:00:00Z,82,1.2
2022-03-10T19:20:00Z,85,0.9
2022-03-10T19:30:00Z,85,0.9
2022-03-10T19:50:00Z,85,0.9
2022-03-10T20:00:00Z,85,0.9
2022-03-10T20:20:00Z,85,0.9
2022-03-10T20:30:00Z,87,0.5
2022-03-10T20:50:00Z,87,0.5
2022-03-10T21:00:00Z,87,0.5
2022-03-10T21:20:00Z,87,0.5
2022-03-10T21:30:00Z,87,0.5
2022-03-10T21:50:00Z,87,0.5
2022-03-10T22:00:00Z,87,0.5
2022-03-10T22:20:00Z,87,0.5
2022-03-10T22:30:00Z,86,0.4
2022-03-10T22:50:00Z,86,0.4
2022-03-10T23:00:00Z,86,0.4
2022-03-10T23:20:00Z,86,0.4
2022-03-10T23:30:00Z,86,0.1
2022-03-10T23:50:00Z,86,0.1
2022-03-11T00:00:00Z,86,0.1
2022-03-11T00:20:00Z,86,0.1
2022-03-11T00:30:00Z,86,-0.1
2022-03-11T00:50:00Z,86,-0.1
2022-03-11T01:00:00Z,86,-0.1
2022-03-11T01:20:00Z,86,-0.1
2022-03-11T01:30:00Z,85,-0.6
2022-03-11T01:50:00Z,85,-0.6
2022-03-11T02:00:00Z,85,-0.6
2022-03-11T02:20:00Z,85,-0.6
2022-03-11T02:30:00Z,86,-1
2022-03-11T02:50:00Z,86,-1
2022-03-11T03:00:00Z,86,-1
2022-03-11T03:20:00Z,86,-1
2022-03-11T03:30:00Z,86,-1.2
2022-03-11T03:50:00Z,86,-1.2
2022-03-11T04:00:00Z,86,-1.2
2022-03-11T04:20:00Z,86,-1.2
2022-03-11T04:30:00Z,87,-1.6
2022-03-11T04:50:00Z,87,-1.6
2022-03-11T05:00:00Z,87,-1.6
2022-03-11T05:20:00Z,87,-1.6
2022-03-11T05:30:00Z,87,-1.8
2022-03-11T05:50:00Z,87,-1.8
2022-03-11T06:00:00Z,87,-1.8
2022-03-11T06:20:00Z,87,-1.8
2022-03-11T06:30:00Z,85,-1.8
2022-03-11T06:50:00Z,85,-1.8
2022-03-11T07:00:00Z,85,-1.8
2022-03-11T07:20:00Z,85,-1.8
2022-03-11T07:30:00Z,80,-1
2022-03-11T07:50:00Z,80,-1
2022-03-11T08:00:00Z,80,-1
2022-03-11T08:20:00Z,80,-1
2022-03-11T08:30:00Z,73,0.3
2022-03-11T08:50:00Z,73,0.3
2022-03-11T09:00:00Z,73,0.3
2022-03-11T09:20:00Z,73,0.3
2022-03-11T09:30:00Z,66,1.9
2022-03-11T09:50:00Z,66,1.9
2022-03-11T10:00:00Z,66,1.9
2022-03-11T10:20:00Z,66,1.9
2022-03-11T10:30:00Z,59,3.3
2022-03-11T10:50:00Z,59,3.3
2022-03-11T11:00:00Z,59,3.3
2022-03-11T11:20:00Z,59,3.3
2022-03-11T11:30:00Z,59,3.3
2022-03-11T11:50:00Z,54,4.8
2022-03-11T12:00:00Z,54,4.8
2022-03-11T12:20:00Z,54,4.8
2022-03-11T12:30:00Z,54,4.8
2022-03-11T12:50:00Z,50,6.1
2022-03-11T13:00:00Z,50,6.1
2022-03-11T13:20:00Z,50,6.1
2022-03-11T13:30:00Z,50,6.1
2022-03-11T13:50:00Z,47,6.8
2022-03-11T14:00:00Z,47,6.8
2022-03-11T14:20:00Z,47,6.8
2022-03-11T14:30:00Z,47,6.8
2022-03-11T14:50:00Z,47,7.3
2022-03-11T15:00:00Z,47,7.3
2022-03-11T15:20:00Z,47,7.3
2022-03-11T15:30:00Z,47,7.3
2022-03-11T15:50:00Z,46,7
2022-03-11T16:00:00Z,46,7
2022-03-11T16:20:00Z,46,7
2022-03-11T16:30:00Z,46,7
2022-03-11T16:50:00Z,51,5.8
2022-03-11T17:00:00Z,51,5.8
2022-03-11T17:20:00Z,51,5.8
2022-03-11T17:30:00Z,51,5.8
2022-03-11T17:50:00Z,63,3.6
2022-03-11T18:00:00Z,63,3.6
2022-03-11T18:20:00Z,63,3.6
2022-03-11T18:30:00Z,63,3.6
2022-03-11T18:50:00Z,75,2.3
2022-03-11T19:00:00Z,75,2.3
2022-03-11T19:20:00Z,75,2.3
2022-03-11T19:30:00Z,75,2.3
2022-03-11T19:50:00Z,81,1.7
2022-03-11T20:00:00Z,81,1.7
2022-03-11T20:20:00Z,81,1.7
2022-03-11T20:30:00Z,81,1.7
2022-03-11T20:50:00Z,81,1
2022-03-11T21:00:00Z,81,1
2022-03-11T21:20:00Z,81,1
2022-03-11T21:30:00Z,81,1
2022-03-11T21:50:00Z,83,0.2
2022-03-11T22:00:00Z,83,0.2
2022-03-11T22:20:00Z,83,0.2
2022-03-11T22:30:00Z,83,0.2
2022-03-11T22:50:00Z,80,0.2
2022-03-11T23:00:00Z,80,0.2
2022-03-11T23:20:00Z,80,0.2
2022-03-11T23:30:00Z,80,0.2
2022-03-11T23:50:00Z,78,-0.2
2022-03-12T00:00:00Z,78,-0.2
2022-03-12T00:20:00Z,78,-0.2
2022-03-12T00:30:00Z,78,-0.2
2022-03-12T00:50:00Z,77,-0.7
2022-03-12T01:00:00Z,77,-0.7
2022-03-12T01:20:00Z,77,-0.7
2022-03-12T01:30:00Z,77,-0.7
2022-03-12T01:50:00Z,74,-1.1
2022-03-12T02:00:00Z,74,-1.1
2022-03-12T02:20:00Z,74,-1.1
2022-03-12T02:30:00Z,74,-1.1
2022-03-12T02:50:00Z,74,-1.1
2022-03-12T03:00:00Z,71,-1.5
2022-03-12T03:20:00Z,71,-1.5
2022-03-12T03:30:00Z,71,-1.5
2022-03-12T03:50:00Z,71,-1.5
2022-03-12T04:00:00Z,69,-2.2
2022-03-12T04:20:00Z,69,-2.2
2022-03-12T04:30:00Z,69,-2.2
2022-03-12T04:50:00Z,69,-2.2
2022-03-12T05:00:00Z,70,-2.7
2022-03-12T05:20:00Z,70,-2.7
2022-03-12T05:30:00Z,70,-2.7
2022-03-12T05:50:00Z,70,-2.7
2022-03-12T06:00:00Z,70,-2.9
2022-03-12T06:20:00Z,70,-2.9
2022-03-12T06:30:00Z,70,-2.9
2022-03-12T06:50:00Z,70,-2.9
2022-03-12T07:00:00Z,69,-2.9
2022-03-12T07:20:00Z,69,-2.9
2022-03-12T07:30:00Z,69,-2.9
2022-03-12T07:50:00Z,69,-2.9
2022-03-12T08:00:00Z,61,-1.3
2022-03-12T08:20:00Z,61,-1.3
2022-03-12T08:30:00Z,61,-1.3
2022-03-12T08:50:00Z,61,-1.3
2022-03-12T09:00:00Z,52,0.6
2022-03-12T09:20:00Z,52,0.6
2022-03-12T09:30:00Z,52,0.6
2022-03-12T09:50:00Z,52,0.6
2022-03-12T10:00:00Z,44,3.3
2022-03-12T10:20:00Z,44,3.3
2022-03-12T10:30:00Z,44,3.3
2022-03-12T10:50:00Z,44,3.3
2022-03-12T11:00:00Z,37,5.4
2022-03-12T11:20:00Z,37,5.4
2022-03-12T11:30:00Z,37,5.4
2022-03-12T11:50:00Z,37,5.4
2022-03-12T12:00:00Z,28,8.8
2022-03-12T12:20:00Z,28,8.8
2022-03-12T12:30:00Z,28,8.8
2022-03-12T12:50:00Z,28,8.8
2022-03-12T13:00:00Z,28,9.3
2022-03-12T13:20:00Z,28,9.3
2022-03-12T13:30:00Z,28,9.3
2022-03-12T13:50:00Z,28,9.3
2022-03-12T14:00:00Z,35,9.5
2022-03-12T14:20:00Z,35,9.5
2022-03-12T14:30:00Z,35,9.5
2022-03-12T14:50:00Z,35,9.5
2022-03-12T15:00:00Z,41,9.1
2022-03-12T15:20:00Z,41,9.1
2022-03-12T15:30:00Z,41,9.1
2022-03-12T15:50:00Z,41,9.1
2022-03-12T16:00:00Z,50,8.3
2022-03-12T16:20:00Z,50,8.3
2022-03-12T16:30:00Z,50,8.3
2022-03-12T16:50:00Z,50,8.3
2022-03-12T17:00:00Z,62,5.7
2022-03-12T17:20:00Z,62,5.7
2022-03-12T17:30:00Z,62,5.7
2022-03-12T17:50:00Z,62,5.7
2022-03-12T18:00:00Z,62,5.7
2022-03-12T18:20:00Z,74,3.7
2022-03-12T18:30:00Z,74,3.7
2022-03-12T18:50:00Z,74,3.7
2022-03-12T19:00:00Z,74,3.7
2022-03-12T19:20:00Z,78,3.1
2022-03-12T19:30:00Z,78,3.1
2022-03-12T19:50:00Z,78,3.1
2022-03-12T20:00:00Z,78,3.1
2022-03-12T20:20:00Z,80,2.1
2022-03-12T20:30:00Z,80,2.1
2022-03-12T20:50:00Z,80,2.1
2022-03-12T21:00:00Z,80,2.1
2022-03-12T21:20:00Z,83,1.1
2022-03-12T21:30:00Z,83,1.1
2022-03-12T21:50:00Z,83,1.1
2022-03-12T22:00:00Z,83,1.1
2022-03-12T22:20:00Z,82,-0.1
2022-03-12T22:30:00Z,82,-0.1
2022-03-12T22:50:00Z,82,-0.1
2022-03-12T23:00:00Z,82,-0.1
2022-03-12T23:20:00Z,82,-0.4
2022-03-12T23:30:00Z,82,-0.4
2022-03-12T23:50:00Z,82,-0.4
2022-03-13T00:00:00Z,82,-0.4
2022-03-13T00:20:00Z,83,-1.5
2022-03-13T00:30:00Z,83,-1.5
2022-03-13T00:50:00Z,83,-1.5
2022-03-13T01:00:00Z,83,-1.5
2022-03-13T01:20:00Z,75,-0.8
2022-03-13T01:30:00Z,75,-0.8
2022-03-13T01:50:00Z,75,-0.8
2022-03-13T02:00:00Z,75,-0.8
2022-03-13T02:20:00Z,79,-2.5
2022-03-13T02:30:00Z,79,-2.5
2022-03-13T02:50:00Z,79,-2.5
2022-03-13T03:00:00Z,79,-2.5
2022-03-13T03:20:00Z,82,-3.1
2022-03-13T03:30:00Z,82,-3.1
2022-03-13T03:50:00Z,82,-3.1
2022-03-13T04:00:00Z,82,-3.1
2022-03-13T04:20:00Z,84,-3.5
2022-03-13T04:30:00Z,84,-3.5
2022-03-13T04:50:00Z,84,-3.5
2022-03-13T05:00:00Z,84,-3.5
2022-03-13T05:20:00Z,81,-3.4
2022-03-13T05:30:00Z,81,-3.4
2022-03-13T05:50:00Z,81,-3.4
2022-03-13T06:00:00Z,81,-3.4
2022-03-13T06:20:00Z,74,-2.7
2022-03-13T06:30:00Z,74,-2.7
2022-03-13T06:50:00Z,74,-2.7
2022-03-13T07:00:00Z,74,-2.7
2022-03-13T07:20:00Z,64,-0.9
2022-03-13T07:30:00Z,64,-0.9
2022-03-13T07:50:00Z,64,-0.9
2022-03-13T08:00:00Z,64,-0.9
2022-03-13T08:20:00Z,49,1.7
2022-03-13T08:30:00Z,49,1.7
2022-03-13T08:50:00Z,49,1.7
2022-03-13T09:00:00Z,49,1.7
2022-03-13T09:20:00Z,49,1.7
2022-03-13T09:30:00Z,41,3.7
2022-03-13T09:50:00Z,41,3.7
2022-03-13T10:00:00Z,41,3.7
2022-03-13T10:20:00Z,41,3.7
2022-03-13T10:30:00Z,36,6.1
2022-03-13T10:50:00Z,36,6.1
2022-03-13T11:00:00Z,36,6.1
2022-03-13T11:20:00Z,36,6.1
2022-03-13T11:30:00Z,33,8.5
2022-03-13T11:50:00Z,33,8.5
2022-03-13T12:00:00Z,33,8.5
2022-03-13T12:20:00Z,33,8.5
2022-03-13T12:30:00Z,28,10.7
2022-03-13T12:50:00Z,28,10.7
2022-03-13T13:00:00Z,28,10.7
2022-03-13T13:20:00Z,28,10.7
2022-03-13T13:30:00Z,24,11.2
2022-03-13T13:50:00Z,24,11.2
2022-03-13T14:00:00Z,24,11.2
2022-03-13T14:20:00Z,24,11.2
2022-03-13T14:30:00Z,24,11
2022-03-13T14:50:00Z,24,11
2022-03-13T15:00:00Z,24,11
2022-03-13T15:20:00Z,24,11
2022-03-13T15:30:00Z,28,10.3
2022-03-13T15:50:00Z,28,10.3
2022-03-13T16:00:00Z,28,10.3
2022-03-13T16:20:00Z,28,10.3
2022-03-13T16:30:00Z,37,9
2022-03-13T16:50:00Z,37,9
2022-03-13T17:00:00Z,37,9
2022-03-13T17:20:00Z,37,9
2022-03-13T17:30:00Z,52,6.4
2022-03-13T17:50:00Z,52,6.4
2022-03-13T18:00:00Z,52,6.4
2022-03-13T18:20:00Z,52,6.4
2022-03-13T18:30:00Z,60,4.7
2022-03-13T18:50:00Z,60,4.7
2022-03-13T19:00:00Z,60,4.7
2022-03-13T19:20:00Z,60,4.7
2022-03-13T19:30:00Z,68,3.4
2022-03-13T19:50:00Z,68,3.4
2022-03-13T20:00:00Z,68,3.4
2022-03-13T20:20:00Z,68,3.4
2022-03-13T20:30:00Z,69,2.5
2022-03-13T20:50:00Z,69,2.5
2022-03-13T21:00:00Z,69,2.5
2022-03-13T21:20:00Z,69,2.5
2022-03-13T21:30:00Z,70,1.3
2022-03-13T21:50:00Z,70,1.3
2022-03-13T22:00:00Z,70,1.3
2022-03-13T22:20:00Z,70,1.3
2022-03-13T22:30:00Z,73,0.3
2022-03-13T22:50:00Z,73,0.3
2022-03-13T23:00:00Z,73,0.3
2022-03-13T23:20:00Z,73,0.3
2022-03-13T23:30:00Z,74,-0.5
2022-03-13T23:50:00Z,74,-0.5
2022-03-14T00:00:00Z,74,-0.5
2022-03-14T00:20:00Z,74,-0.5
2022-03-14T00:30:00Z,74,-0.5
2022-03-14T00:50:00Z,73,-1.1
2022-03-14T01:00:00Z,73,-1.1
2022-03-14T01:20:00Z,73,-1.1
2022-03-14T01:30:00Z,73,-1.1
2022-03-14T01:50:00Z,71,-1.6
2022-03-14T02:00:00Z,71,-1.6
2022-03-14T02:20:00Z,71,-1.6
2022-03-14T02:30:00Z,71,-1.6
2022-03-14T02:50:00Z,71,-2.1
2022-03-14T03:00:00Z,71,-2.1
2022-03-14T03:20:00Z,71,-2.1
2022-03-14T03:30:00Z,71,-2.1
2022-03-14T03:50:00Z,72,-1.9
2022-03-14T04:00:00Z,72,-1.9
2022-03-14T04:20:00Z,72,-1.9
2022-03-14T04:30:00Z,72,-1.9
2022-03-14T04:50:00Z,75,-2.7
2022-03-14T05:00:00Z,75,-2.7
2022-03-14T05:20:00Z,75,-2.7
2022-03-14T05:30:00Z,75,-2.7
2022-03-14T05:50:00Z,76,-3.4
2022-03-14T06:00:00Z,76,-3.4
2022-03-14T06:20:00Z,76,-3.4
2022-03-14T06:30:00Z,76,-3.4
2022-03-14T06:50:00Z,74,-3.3
2022-03-14T07:00:00Z,74,-3.3
2022-03-14T07:20:00Z,74,-3.3
2022-03-14T07:30:00Z,74,-3.3
2022-03-14T07:50:00Z,62,-1.7
2022-03-14T08:00:00Z,62,-1.7
2022-03-14T08:20:00Z,62,-1.7
2022-03-14T08:30:00Z,62,-1.7
2022-03-14T08:50:00Z,49,1.6
2022-03-14T09:00:00Z,49,1.6
2022-03-14T09:20:00Z,49,1.6
2022-03-14T09:30:00Z,49,1.6
2022-03-14T09:50:00Z,48,3.6
2022-03-14T10:00:00Z,48,3.6
2022-03-14T10:20:00Z,48,3.6
2022-03-14T10:30:00Z,48,3.6
2022-03-14T10:50:00Z,54,5.6
2022-03-14T11:00:00Z,54,5.6
2022-03-14T11:20:00Z,54,5.6
2022-03-14T11:30:00Z,54,5.6
2022-03-14T11:50:00Z,59,9.1
2022-03-14T12:00:00Z,59,9.1
2022-03-14T12:20:00Z,59,9.1
2022-03-14T12:30:00Z,59,9.1
2022-03-14T12:50:00Z,57,10.8
2022-03-14T13:00:00Z,57,10.8
2022-03-14T13:20:00Z,57,10.8
2022-03-14T13:30:00Z,57,10.8
2022-03-14T13:50:00Z,57,11.2
2022-03-14T14:00:00Z,57,11.2
2022-03-14T14:20:00Z,57,11.2
2022-03-14T14:30:00Z,57,11.2
2022-03-14T14:50:00Z,60,11.1
2022-03-14T15:00:00Z,60,11.1
2022-03-14T15:20:00Z,60,11.1
2022-03-14T15:30:00Z,60,11.1
2022-03-14T15:50:00Z,60,11.1
2022-03-14T16:00:00Z,62,10.4
2022-03-14T16:20:00Z,62,10.4
2022-03-14T16:30:00Z,62,10.4
2022-03-14T16:50:00Z,62,10.4
2022-03-14T17:00:00Z,68,8.9
2022-03-14T17:20:00Z,68,8.9
2022-03-14T17:30:00Z,68,8.9
2022-03-14T17:50:00Z,68,8.9
2022-03-14T18:00:00Z,81,7.1
2022-03-14T18:20:00Z,81,7.1
2022-03-14T18:30:00Z,81,7.1
2022-03-14T18:50:00Z,81,7.1
2022-03-14T19:00:00Z,90,5.1
2022-03-14T19:20:00Z,90,5.1
2022-03-14T19:30:00Z,90,5.1
2022-03-14T19:50:00Z,90,5.1
2022-03-14T20:00:00Z,92,3.5
2022-03-14T20:20:00Z,92,3.5
2022-03-14T20:30:00Z,92,3.5
2022-03-14T20:50:00Z,92,3.5
2022-03-14T21:00:00Z,93,2.1
2022-03-14T21:20:00Z,93,2.1
2022-03-14T21:30:00Z,93,2.1
2022-03-14T21:50:00Z,93,2.1
2022-03-14T22:00:00Z,93,1.1
2022-03-14T22:20:00Z,93,1.1
2022-03-14T22:30:00Z,93,1.1
2022-03-14T22:50:00Z,93,1.1
2022-03-14T23:00:00Z,95,0.1
2022-03-14T23:20:00Z,95,0.1
2022-03-14T23:30:00Z,95,0.1
2022-03-14T23:50:00Z,95,0.1
2022-03-15T00:00:00Z,97,-0.4
2022-03-15T00:20:00Z,97,-0.4
2022-03-15T00:30:00Z,97,-0.4
2022-03-15T00:50:00Z,97,-0.4
2022-03-15T01:00:00Z,98,-0.5
2022-03-15T01:20:00Z,98,-0.5
2022-03-15T01:30:00Z,98,-0.5
2022-03-15T01:50:00Z,98,-0.5
2022-03-15T02:00:00Z,98,-1.1
2022-03-15T02:20:00Z,98,-1.1
2022-03-15T02:30:00Z,98,-1.1
2022-03-15T02:50:00Z,98,-1.1
2022-03-15T03:00:00Z,98,-1.5
2022-03-15T03:20:00Z,98,-1.5
2022-03-15T03:30:00Z,98,-1.5
2022-03-15T03:50:00Z,98,-1.5
2022-03-15T04:00:00Z,98,-2.3
2022-03-15T04:20:00Z,98,-2.3
2022-03-15T04:30:00Z,98,-2.3
2022-03-15T04:50:00Z,98,-2.3
2022-03-15T05:00:00Z,98,-2.5
2022-03-15T05:20:00Z,98,-2.5
2022-03-15T05:30:00Z,98,-2.5
2022-03-15T05:50:00Z,98,-2.5
2022-03-15T06:00:00Z,98,-2.3
2022-03-15T06:20:00Z,98,-2.3
2022-03-15T06:30:00Z,98,-2.3
2022-03-15T06:50:00Z,98,-2.3
2022-03-15T07:00:00Z,98,-2.3
2022-03-15T07:20:00Z,98,-1.5
2022-03-15T07:30:00Z,98,-1.5
2022-03-15T07:50:00Z,98,-1.5
2022-03-15T08:00:00Z,98,-1.5
2022-03-15T08:20:00Z,98,0.4
2022-03-15T08:30:00Z,98,0.4
2022-03-15T08:50:00Z,98,0.4
2022-03-15T09:00:00Z,98,0.4
2022-03-15T09:20:00Z,96,2.9
2022-03-15T09:30:00Z,96,2.9
2022-03-15T09:50:00Z,96,2.9
2022-03-15T10:00:00Z,96,2.9
2022-03-15T10:20:00Z,92,5.8
2022-03-15T10:30:00Z,92,5.8
2022-03-15T10:50:00Z,92,5.8
2022-03-15T11:00:00Z,92,5.8
2022-03-15T11:20:00Z,76,8.8
2022-03-15T11:30:00Z,76,8.8
2022-03-15T11:50:00Z,76,8.8
2022-03-15T12:00:00Z,76,8.8
2022-03-15T12:20:00Z,67,10.3
2022-03-15T12:30:00Z,67,10.3
2022-03-15T12:50:00Z,67,10.3
2022-03-15T13:00:00Z,67,10.3
2022-03-15T13:20:00Z,67,9.9
2022-03-15T13:30:00Z,67,9.9
2022-03-15T13:50:00Z,67,9.9
2022-03-15T14:00:00Z,67,9.9
2022-03-15T14:20:00Z,70,9.6
2022-03-15T14:30:00Z,70,9.6
2022-03-15T14:50:00Z,70,9.6
2022-03-15T15:00:00Z,70,9.6
2022-03-15T15:20:00Z,74,8.4
2022-03-15T15:30:00Z,74,8.4
2022-03-15T15:50:00Z,74,8.4
2022-03-15T16:00:00Z,74,8.4
2022-03-15T16:20:00Z,78,6.8
2022-03-15T16:30:00Z,78,6.8
2022-03-15T16:50:00Z,78,6.8
2022-03-15T17:00:00Z,78,6.8
2022-03-15T17:20:00Z,89,4.9
2022-03-15T17:30:00Z,89,4.9
2022-03-15T17:50:00Z,89,4.9
2022-03-15T18:00:00Z,89,4.9
2022-03-15T18:20:00Z,97,3
2022-03-15T18:30:00Z,97,3
2022-03-15T18:50:00Z,97,3
2022-03-15T19:00:00Z,97,3
2022-03-15T19:20:00Z,97,2.1
2022-03-15T19:30:00Z,97,2.1
2022-03-15T19:50:00Z,97,2.1
2022-03-15T20:00:00Z,97,2.1
2022-03-15T20:20:00Z,98,1.4
2022-03-15T20:30:00Z,98,1.4
2022-03-15T20:50:00Z,98,1.4
2022-03-15T21:00:00Z,98,1.4
2022-03-15T21:20:00Z,98,1.1
2022-03-15T21:30:00Z,98,1.1
2022-03-15T21:50:00Z,98,1.1
2022-03-15T22:00:00Z,98,1.1
2022-03-15T22:20:00Z,98,1.1
2022-03-15T22:30:00Z,98,0.5
2022-03-15T22:50:00Z,98,0.5
2022-03-15T23:00:00Z,98,0.5
2022-03-15T23:20:00Z,98,0.5
2022-03-15T23:30:00Z,98,0
2022-03-15T23:50:00Z,98,0
2022-03-16T00:00:00Z,98,0
2022-03-16T00:20:00Z,98,0
2022-03-16T00:30:00Z,98,-0.2
2022-03-16T00:50:00Z,98,-0.2
2022-03-16T01:00:00Z,98,-0.2
2022-03-16T01:20:00Z,98,-0.2
2022-03-16T01:30:00Z,98,-0.8
2022-03-16T01:50:00Z,98,-0.8
2022-03-16T02:00:00Z,98,-0.8
2022-03-16T02:20:00Z,98,-0.8
2022-03-16T02:30:00Z,99,-1.1
2022-03-16T02:50:00Z,99,-1.1
2022-03-16T03:00:00Z,99,-1.1
2022-03-16T03:20:00Z,99,-1.1
2022-03-16T03:30:00Z,98,-1.5
2022-03-16T03:50:00Z,98,-1.5
2022-03-16T04:00:00Z,98,-1.5
2022-03-16T04:20:00Z,98,-1.5
2022-03-16T04:30:00Z,98,-1.7
2022-03-16T04:50:00Z,98,-1.7
2022-03-16T05:00:00Z,98,-1.7
2022-03-16T05:20:00Z,98,-1.7
2022-03-16T05:30:00Z,98,-2.1
2022-03-16T05:50:00Z,98,-2.1
2022-03-16T06:00:00Z,98,-2.1
2022-03-16T06:20:00Z,98,-2.1
2022-03-16T06:30:00Z,98,-2.2
2022-03-16T06:50:00Z,98,-2.2
2022-03-16T07:00:00Z,98,-2.2
2022-03-16T07:20:00Z,98,-2.2
2022-03-16T07:30:00Z,98,-2
2022-03-16T07:50:00Z,98,-2
2022-03-16T08:00:00Z,98,-2
2022-03-16T08:20:00Z,98,-2
2022-03-16T08:30:00Z,98,-0.9
2022-03-16T08:50:00Z,98,-0.9
2022-03-16T09:00:00Z,98,-0.9
2022-03-16T09:20:00Z,98,-0.9
2022-03-16T09:30:00Z,97,1.8
2022-03-16T09:50:00Z,97,1.8
2022-03-16T10:00:00Z,97,1.8
2022-03-16T10:20:00Z,97,1.8
2022-03-16T10:30:00Z,94,4.2
2022-03-16T10:50:00Z,94,4.2
2022-03-16T11:00:00Z,94,4.2
2022-03-16T11:20:00Z,94,4.2
2022-03-16T11:30:00Z,91,6.7
2022-03-16T11:50:00Z,91,6.7
2022-03-16T12:00:00Z,91,6.7
2022-03-16T12:20:00Z,91,6.7
2022-03-16T12:30:00Z,88,8.7
2022-03-16T12:50:00Z,88,8.7
2022-03-16T13:00:00Z,88,8.7
2022-03-16T13:20:00Z,88,8.7
2022-03-16T13:30:00Z,88,8.7
2022-03-16T13:50:00Z,83,9.5
2022-03-16T14:00:00Z,83,9.5
2022-03-16T14:20:00Z,83,9.5
2022-03-16T14:30:00Z,83,9.5
2022-03-16T14:50:00Z,79,9.2
2022-03-16T15:00:00Z,79,9.2
2022-03-16T15:20:00Z,79,9.2
2022-03-16T15:30:00Z,79,9.2
2022-03-16T15:50:00Z,76,9.2
2022-03-16T16:00:00Z,76,9.2
2022-03-16T16:20:00Z,76,9.2
2022-03-16T16:30:00Z,76,9.2
2022-03-16T16:50:00Z,78,7.7
2022-03-16T17:00:00Z,78,7.7
2022-03-16T17:20:00Z,78,7.7
2022-03-16T17:30:00Z,78,7.7
2022-03-16T17:50:00Z,87,6.4
2022-03-16T18:00:00Z,87,6.4
2022-03-16T18:20:00Z,87,6.4
2022-03-16T18:30:00Z,87,6.4
2022-03-16T18:50:00Z,90,5.6
2022-03-16T19:00:00Z,90,5.6
2022-03-16T19:20:00Z,90,5.6
2022-03-16T19:30:00Z,90,5.6
2022-03-16T19:50:00Z,91,4.5
2022-03-16T20:00:00Z,91,4.5
2022-03-16T20:20:00Z,91,4.5
2022-03-16T20:30:00Z,91,4.5
2022-03-16T20:50:00Z,91,3.4
2022-03-16T21:00:00Z,91,3.4
2022-03-16T21:20:00Z,91,3.4
2022-03-16T21:30:00Z,91,3.4
2022-03-16T21:50:00Z,89,2.8
2022-03-16T22:00:00Z,89,2.8
2022-03-16T22:20:00Z,89,2.8
2022-03-16T22:30:00Z,89,2.8
2022-03-16T22:50:00Z,90,2.6
2022-03-16T23:00:00Z,90,2.6
2022-03-16T23:20:00Z,90,2.6
2022-03-16T23:30:00Z,90,2.6
2022-03-16T23:50:00Z,93,0.4
2022-03-17T00:00:00Z,93,0.4
2022-03-17T00:20:00Z,93,0.4
2022-03-17T00:30:00Z,93,0.4
2022-03-17T00:50:00Z,93,-0.1
2022-03-17T01:00:00Z,93,-0.1
2022-03-17T01:20:00Z,93,-0.1
2022-03-17T01:30:00Z,93,-0.1
2022-03-17T01:50:00Z,97,-1.1
2022-03-17T02:00:00Z,97,-1.1
2022-03-17T02:20:00Z,97,-1.1
2022-03-17T02:30:00Z,97,-1.1
2022-03-17T02:50:00Z,96,-0.7
2022-03-17T03:00:00Z,96,-0.7
2022-03-17T03:20:00Z,96,-0.7
2022-03-17T03:30:00Z,96,-0.7
2022-03-17T03:50:00Z,97,-1.1
2022-03-17T04:00:00Z,97,-1.1
2022-03-17T04:20:00Z,97,-1.1
2022-03-17T04:30:00Z,97,-1.1
2022-03-17T04:50:00Z,97,-1.1
2022-03-17T05:00:00Z,99,-1.4
2022-03-17T05:20:00Z,99,-1.4
2022-03-17T05:30:00Z,99,-1.4
2022-03-17T05:50:00Z,99,-1.4
2022-03-17T06:00:00Z,98,-1.5
2022-03-17T06:20:00Z,98,-1.5
2022-03-17T06:30:00Z,98,-1.5
2022-03-17T06:50:00Z,98,-1.5
2022-03-17T07:00:00Z,98,-1.3
2022-03-17T07:20:00Z,98,-1.3
2022-03-17T07:30:00Z,98,-1.3
2022-03-17T07:50:00Z,98,-1.3
2022-03-17T08:00:00Z,98,-0.9
2022-03-17T08:20:00Z,98,-0.9
2022-03-17T08:30:00Z,98,-0.9
2022-03-17T08:50:00Z,98,-0.9
2022-03-17T09:00:00Z,98,0.7
2022-03-17T09:20:00Z,98,0.7
2022-03-17T09:30:00Z,98,0.7
2022-03-17T09:50:00Z,98,0.7
2022-03-17T10:00:00Z,97,2.9
2022-03-17T10:20:00Z,97,2.9
2022-03-17T10:30:00Z,97,2.9
2022-03-17T10:50:00Z,97,2.9
2022-03-17T11:00:00Z,95,4.5
2022-03-17T11:20:00Z,95,4.5
2022-03-17T11:30:00Z,95,4.5
2022-03-17T11:50:00Z,95,4.5
2022-03-17T12:00:00Z,94,7
2022-03-17T12:20:00Z,94,7
2022-03-17T12:30:00Z,94,7
2022-03-17T12:50:00Z,94,7
2022-03-17T13:00:00Z,93,8
2022-03-17T13:20:00Z,93,8
2022-03-17T13:30:00Z,93,8
2022-03-17T13:50:00Z,93,8
2022-03-17T14:00:00Z,91,7.6
2022-03-17T14:20:00Z,91,7.6
2022-03-17T14:30:00Z,91,7.6
2022-03-17T14:50:00Z,91,7.6
2022-03-17T15:00:00Z,83,8.7
2022-03-17T15:20:00Z,83,8.7
2022-03-17T15:30:00Z,83,8.7
2022-03-17T15:50:00Z,83,8.7
2022-03-17T16:00:00Z,82,5.7
2022-03-17T16:20:00Z,82,5.7
2022-03-17T16:30:00Z,82,5.7
2022-03-17T16:50:00Z,82,5.7
2022-03-17T17:00:00Z,85,4
2022-03-17T17:20:00Z,85,4
2022-03-17T17:30:00Z,85,4
2022-03-17T17:50:00Z,85,4
2022-03-17T18:00:00Z,85,3.3
2022-03-17T18:20:00Z,85,3.3
2022-03-17T18:30:00Z,85,3.3
2022-03-17T18:50:00Z,85,3.3
2022-03-17T19:00:00Z,84,3.2
2022-03-17T19:20:00Z,84,3.2
2022-03-17T19:30:00Z,84,3.2
2022-03-17T19:50:00Z,84,3.2
2022-03-17T20:00:00Z,84,3.2
2022-03-17T20:20:00Z,84,3.4
2022-03-17T20:30:00Z,84,3.4
2022-03-17T20:50:00Z,84,3.4
2022-03-17T21:00:00Z,84,3.4
2022-03-17T21:20:00Z,86,3.4
2022-03-17T21:30:00Z,86,3.4
2022-03-17T21:50:00Z,86,3.4
2022-03-17T22:00:00Z,86,3.4
2022-03-17T22:20:00Z,82,4.2
2022-03-17T22:30:00Z,82,4.2
2022-03-17T22:50:00Z,82,4.2
2022-03-17T23:00:00Z,82,4.2
2022-03-17T23:20:00Z,82,4.7
2022-03-17T23:30:00Z,82,4.7
2022-03-17T23:50:00Z,82,4.7
2022-03-18T00:00:00Z,82,4.7
2022-03-18T00:20:00Z,84,5
2022-03-18T00:30:00Z,84,5
2022-03-18T00:50:00Z,84,5
2022-03-18T01:00:00Z,84,5
2022-03-18T01:20:00Z,86,4.9
2022-03-18T01:30:00Z,86,4.9
2022-03-18T01:50:00Z,86,4.9
2022-03-18T02:00:00Z,86,4.9
2022-03-18T02:20:00Z,89,4.9
2022-03-18T02:30:00Z,89,4.9
2022-03-18T02:50:00Z,89,4.9
2022-03-18T03:00:00Z,89,4.9
2022-03-18T03:20:00Z,90,5
2022-03-18T03:30:00Z,90,5
2022-03-18T03:50:00Z,90,5
2022-03-18T04:00:00Z,90,5
2022-03-18T04:20:00Z,94,3.7
2022-03-18T04:30:00Z,94,3.7
2022-03-18T04:50:00Z,94,3.7
2022-03-18T05:00:00Z,94,3.7
2022-03-18T05:20:00Z,91,4.1
2022-03-18T05:30:00Z,91,4.1
2022-03-18T05:50:00Z,91,4.1
2022-03-18T06:00:00Z,91,4.1
2022-03-18T06:20:00Z,89,4.5
2022-03-18T06:30:00Z,89,4.5
2022-03-18T06:50:00Z,89,4.5
2022-03-18T07:00:00Z,89,4.5
2022-03-18T07:20:00Z,86,5
2022-03-18T07:30:00Z,86,5
2022-03-18T07:50:00Z,86,5
2022-03-18T08:00:00Z,86,5
2022-03-18T08:20:00Z,78,6.4
2022-03-18T08:30:00Z,78,6.4
2022-03-18T08:50:00Z,78,6.4
2022-03-18T09:00:00Z,78,6.4
2022-03-18T09:20:00Z,72,8.1
2022-03-18T09:30:00Z,72,8.1
2022-03-18T09:50:00Z,72,8.1
2022-03-18T10:00:00Z,72,8.1
2022-03-18T10:20:00Z,80,7
2022-03-18T10:30:00Z,80,7
2022-03-18T10:50:00Z,80,7
2022-03-18T11:00:00Z,80,7
2022-03-18T11:20:00Z,80,7
2022-03-18T11:30:00Z,80,7.4
2022-03-18T11:50:00Z,80,7.4
2022-03-18T12:00:00Z,80,7.4
2022-03-18T12:20:00Z,80,7.4
2022-03-18T12:30:00Z,82,8
2022-03-18T12:50:00Z,82,8
2022-03-18T13:00:00Z,82,8
2022-03-18T13:20:00Z,82,8
2022-03-18T13:30:00Z,80,8.3
2022-03-18T13:50:00Z,80,8.3
2022-03-18T14:00:00Z,80,8.3
2022-03-18T14:20:00Z,80,8.3
2022-03-18T14:30:00Z,87,7.3
2022-03-18T14:50:00Z,87,7.3
2022-03-18T15:00:00Z,87,7.3
2022-03-18T15:20:00Z,87,7.3
2022-03-18T15:30:00Z,89,7.2
2022-03-18T15:50:00Z,89,7.2
2022-03-18T16:00:00Z,89,7.2
2022-03-18T16:20:00Z,89,7.2
2022-03-18T16:30:00Z,76,7.6
2022-03-18T16:50:00Z,76,7.6
2022-03-18T17:00:00Z,76,7.6
2022-03-18T17:20:00Z,76,7.6
2022-03-18T17:30:00Z,79,6.1
2022-03-18T17:50:00Z,79,6.1
2022-03-18T18:00:00Z,79,6.1
2022-03-18T18:20:00Z,79,6.1
2022-03-18T18:30:00Z,78,5.6
2022-03-18T18:50:00Z,78,5.6
2022-03-18T19:00:00Z,78,5.6
2022-03-18T19:20:00Z,78,5.6
2022-03-18T19:30:00Z,78,5.1
2022-03-18T19:50:00Z,78,5.1
2022-03-18T20:00:00Z,78,5.1
2022-03-18T20:20:00Z,78,5.1
2022-03-18T20:30:00Z,81,3.8
2022-03-18T20:50:00Z,81,3.8
2022-03-18T21:00:00Z,81,3.8
2022-03-18T21:20:00Z,81,3.8
2022-03-18T21:30:00Z,83,3.6
2022-03-18T21:50:00Z,83,3.6
2022-03-18T22:00:00Z,83,3.6
2022-03-18T22:20:00Z,83,3.6
2022-03-18T22:30:00Z,84,3.2
2022-03-18T22:50:00Z,84,3.2
2022-03-18T23:00:00Z,84,3.2
2022-03-18T23:20:00Z,84,3.2
2022-03-18T23:30:00Z,86,2.2
2022-03-18T23:50:00Z,86,2.2
2022-03-19T00:00:00Z,86,2.2
2022-03-19T00:20:00Z,86,2.2
2022-03-19T00:30:00Z,87,1.7
2022-03-19T00:50:00Z,87,1.7
2022-03-19T01:00:00Z,87,1.7
2022-03-19T01:20:00Z,87,1.7
2022-03-19T01:30:00Z,87,1
2022-03-19T01:50:00Z,87,1
2022-03-19T02:00:00Z,87,1
2022-03-19T02:20:00Z,87,1
2022-03-19T02:30:00Z,87,1
2022-03-19T02:50:00Z,87,0.1
2022-03-19T03:00:00Z,87,0.1
2022-03-19T03:20:00Z,87,0.1
2022-03-19T03:30:00Z,87,0.1
2022-03-19T03:50:00Z,87,-0.3
2022-03-19T04:00:00Z,87,-0.3
2022-03-19T04:20:00Z,87,-0.3
2022-03-19T04:30:00Z,87,-0.3
2022-03-19T04:50:00Z,86,-0.9
2022-03-19T05:00:00Z,86,-0.9
2022-03-19T05:20:00Z,86,-0.9
2022-03-19T05:30:00Z,86,-0.9
2022-03-19T05:50:00Z,86,-1.5
2022-03-19T06:00:00Z,86,-1.5
2022-03-19T06:20:00Z,86,-1.5
2022-03-19T06:30:00Z,86,-1.5
2022-03-19T06:50:00Z,84,-1.1
2022-03-19T07:00:00Z,84,-1.1
2022-03-19T07:20:00Z,76,0.5
2022-03-19T07:30:00Z,76,0.5
2022-03-19T07:50:00Z,76,0.5
2022-03-19T08:00:00Z,76,0.5
2022-03-19T08:20:00Z,63,3.9
2022-03-19T08:30:00Z,63,3.9
2022-03-19T08:50:00Z,63,3.9
2022-03-19T09:00:00Z,63,3.9
2022-03-19T09:20:00Z,48,6.9
2022-03-19T09:30:00Z,48,6.9
2022-03-19T09:50:00Z,48,6.9
2022-03-19T10:00:00Z,48,6.9
2022-03-19T10:20:00Z,43,9
2022-03-19T10:30:00Z,43,9
2022-03-19T10:50:00Z,43,9
2022-03-19T11:00:00Z,43,9
2022-03-19T11:20:00Z,42,10.5
2022-03-19T11:30:00Z,42,10.5
2022-03-19T11:50:00Z,42,10.5
2022-03-19T12:00:00Z,42,10.5
2022-03-19T12:20:00Z,39,12.1
2022-03-19T12:30:00Z,39,12.1
2022-03-19T12:50:00Z,39,12.1
2022-03-19T13:00:00Z,39,12.1
2022-03-19T13:20:00Z,38,12.5
2022-03-19T13:30:00Z,38,12.5
2022-03-19T13:50:00Z,38,12.5
2022-03-19T14:00:00Z,39,12.7
2022-03-19T14:20:00Z,39,12.7
2022-03-19T14:30:00Z,39,12.7
2022-03-19T14:50:00Z,39,12.7
2022-03-19T15:00:00Z,39,12.4
2022-03-19T15:20:00Z,39,12.4
2022-03-19T15:30:00Z,39,12.4
2022-03-19T15:50:00Z,39,12.4
2022-03-19T16:00:00Z,44,11.3
2022-03-19T16:20:00Z,44,11.3
2022-03-19T16:30:00Z,44,11.3
2022-03-19T16:50:00Z,44,11.3
2022-03-19T17:00:00Z,43,11.5
2022-03-19T17:20:00Z,43,11.5
2022-03-19T17:30:00Z,43,11.5
2022-03-19T17:50:00Z,43,11.5
2022-03-19T18:00:00Z,52,10
2022-03-19T18:20:00Z,52,10
2022-03-19T18:30:00Z,52,10
2022-03-19T18:50:00Z,52,10
2022-03-19T19:00:00Z,64,7.9
2022-03-19T19:20:00Z,64,7.9
2022-03-19T19:30:00Z,64,7.9
2022-03-19T19:50:00Z,64,7.9
2022-03-19T20:00:00Z,68,6.4
2022-03-19T20:20:00Z,68,6.4
2022-03-19T20:30:00Z,68,6.4
2022-03-19T20:50:00Z,60,5.5
2022-03-19T21:00:00Z,60,5.5
2022-03-19T21:20:00Z,60,5.5
2022-03-19T21:30:00Z,60,5.5
2022-03-19T21:50:00Z,63,4.3
2022-03-19T22:00:00Z,63,4.3
2022-03-19T22:20:00Z,63,4.3
2022-03-19T22:30:00Z,63,4.3
2022-03-19T22:50:00Z,68,3.3
2022-03-19T23:00:00Z,68,3.3
2022-03-19T23:20:00Z,68,3.3
2022-03-19T23:30:00Z,68,3.3
2022-03-19T23:50:00Z,70,3.1
2022-03-20T00:00:00Z,70,3.1
2022-03-20T00:20:00Z,70,3.1
2022-03-20T00:30:00Z,70,3.1
2022-03-20T00:50:00Z,76,1.7
2022-03-20T01:00:00Z,76,1.7
2022-03-20T01:20:00Z,76,1.7
2022-03-20T01:30:00Z,76,1.7
2022-03-20T01:50:00Z,79,0.7
2022-03-20T02:00:00Z,79,0.7
2022-03-20T02:20:00Z,79,0.7
2022-03-20T02:30:00Z,79,0.7
2022-03-20T02:50:00Z,82,-0.2
2022-03-20T03:00:00Z,82,-0.2
2022-03-20T03:20:00Z,82,-0.2
2022-03-20T03:30:00Z,82,-0.2
2022-03-20T03:50:00Z,83,-0.4
2022-03-20T04:00:00Z,83,-0.4
2022-03-20T04:20:00Z,83,-0.4
2022-03-20T04:30:00Z,81,-0.4
2022-03-20T04:50:00Z,81,-0.4
2022-03-20T05:00:00Z,81,-0.4
2022-03-20T05:20:00Z,81,-0.4
2022-03-20T05:30:00Z,80,-0.4
2022-03-20T05:50:00Z,80,-0.4
2022-03-20T06:00:00Z,80,-0.4
2022-03-20T06:20:00Z,80,-0.4
2022-03-20T06:30:00Z,79,0.1
2022-03-20T06:50:00Z,79,0.1
2022-03-20T07:00:00Z,79,0.1
2022-03-20T07:20:00Z,79,0.1
2022-03-20T07:30:00Z,71,2.2
2022-03-20T07:50:00Z,71,2.2
2022-03-20T08:00:00Z,71,2.2
2022-03-20T08:20:00Z,71,2.2
2022-03-20T08:30:00Z,60,5
2022-03-20T08:50:00Z,60,5
2022-03-20T09:00:00Z,60,5
2022-03-20T09:20:00Z,60,5
2022-03-20T09:30:00Z,50,8.3
2022-03-20T09:50:00Z,50,8.3
2022-03-20T10:00:00Z,50,8.3
2022-03-20T10:20:00Z,50,8.3
2022-03-20T10:30:00Z,46,10.7
2022-03-20T10:50:00Z,46,10.7
2022-03-20T11:00:00Z,46,10.7
2022-03-20T11:20:00Z,44,12.1
2022-03-20T11:30:00Z,44,12.1
2022-03-20T11:50:00Z,44,12.1
2022-03-20T12:00:00Z,44,12.1
2022-03-20T12:20:00Z,43,13.5
2022-03-20T12:30:00Z,43,13.5
2022-03-20T12:50:00Z,43,13.5
2022-03-20T13:00:00Z,43,13.5
2022-03-20T13:20:00Z,43,14.9
2022-03-20T13:30:00Z,43,14.9
2022-03-20T13:50:00Z,43,14.9
2022-03-20T14:00:00Z,43,14.9
2022-03-20T14:20:00Z,43,15.5
2022-03-20T14:30:00Z,43,15.5
2022-03-20T14:50:00Z,43,15.5
2022-03-20T15:00:00Z,43,15.5
2022-03-20T15:20:00Z,46,14.9
2022-03-20T15:30:00Z,46,14.9
2022-03-20T15:50:00Z,46,14.9
2022-03-20T16:00:00Z,46,14.9
2022-03-20T16:20:00Z,51,13.5
2022-03-20T16:30:00Z,51,13.5
2022-03-20T16:50:00Z,51,13.5
2022-03-20T17:00:00Z,51,13.5
2022-03-20T17:20:00Z,58,10.1
2022-03-20T17:30:00Z,58,10.1
2022-03-20T17:50:00Z,58,10.1
2022-03-20T18:00:00Z,58,10.1
2022-03-20T18:20:00Z,62,7.8
2022-03-20T18:30:00Z,62,7.8
2022-03-20T18:50:00Z,62,7.8
2022-03-20T19:00:00Z,64,6.3
2022-03-20T19:20:00Z,64,6.3
2022-03-20T19:30:00Z,64,6.3
2022-03-20T19:50:00Z,64,6.3
2022-03-20T20:00:00Z,69,5.4
2022-03-20T20:20:00Z,69,5.4
2022-03-20T20:30:00Z,69,5.4
2022-03-20T20:50:00Z,69,5.4
2022-03-20T21:00:00Z,78,4.4
2022-03-20T21:20:00Z,78,4.4
2022-03-20T21:30:00Z,78,4.4
2022-03-20T21:50:00Z,78,4.4
2022-03-20T22:00:00Z,77,4.2
2022-03-20T22:20:00Z,77,4.2
2022-03-20T22:30:00Z,77,4.2
2022-03-20T22:50:00Z,77,4.2
2022-03-20T23:00:00Z,81,3.4
2022-03-20T23:20:00Z,81,3.4
2022-03-20T23:30:00Z,81,3.4
2022-03-20T23:50:00Z,81,3.4
2022-03-21T00:00:00Z,86,2.3
2022-03-21T00:20:00Z,86,2.3
2022-03-21T00:30:00Z,86,2.3
2022-03-21T00:50:00Z,86,2.3
2022-03-21T01:00:00Z,94,1.3
2022-03-21T01:20:00Z,94,1.3
2022-03-21T01:30:00Z,94,1.3
2022-03-21T01:50:00Z,97,0.8
2022-03-21T02:00:00Z,97,0.8
2022-03-21T02:20:00Z,97,0.8
2022-03-21T02:30:00Z,97,0.8
2022-03-21T02:50:00Z,97,0.6
2022-03-21T03:00:00Z,97,0.6
2022-03-21T03:20:00Z,97,0.6
2022-03-21T03:30:00Z,97,0.6
2022-03-21T03:50:00Z,97,0.3
2022-03-21T04:00:00Z,97,0.3
2022-03-21T04:20:00Z,97,0.3
2022-03-21T04:30:00Z,97,0.3
2022-03-21T04:50:00Z,98,0.4
2022-03-21T05:00:00Z,98,0.4
2022-03-21T05:20:00Z,98,0.4
2022-03-21T05:30:00Z,98,0.4
2022-03-21T05:50:00Z,97,0.2
2022-03-21T06:00:00Z,97,0.2
2022-03-21T06:20:00Z,97,0.2
2022-03-21T06:30:00Z,97,0.2
2022-03-21T06:50:00Z,96,0.1
2022-03-21T07:00:00Z,96,0.1
2022-03-21T07:20:00Z,96,0.1
2022-03-21T07:30:00Z,96,0.1
2022-03-21T07:50:00Z,88,1.4
2022-03-21T08:00:00Z,88,1.4
2022-03-21T08:20:00Z,88,1.4
2022-03-21T08:30:00Z,88,1.4
2022-03-21T08:50:00Z,79,4.3
2022-03-21T09:00:00Z,79,4.3
2022-03-21T09:20:00Z,79,4.3
2022-03-21T09:30:00Z,68,7.8
2022-03-21T09:50:00Z,68,7.8
2022-03-21T10:00:00Z,68,7.8
2022-03-21T10:20:00Z,68,7.8
2022-03-21T10:30:00Z,57,10.3
2022-03-21T10:50:00Z,57,10.3
2022-03-21T11:00:00Z,57,10.3
2022-03-21T11:20:00Z,57,10.3
2022-03-21T11:30:00Z,50,11.2
2022-03-21T11:50:00Z,50,11.2
2022-03-21T12:00:00Z,50,11.2
2022-03-21T12:20:00Z,50,11.2
2022-03-21T12:30:00Z,48,12.1
2022-03-21T12:50:00Z,48,12.1
2022-03-21T13:00:00Z,48,12.1
2022-03-21T13:20:00Z,48,12.1
2022-03-21T13:30:00Z,48,12.6
2022-03-21T13:50:00Z,48,12.6
2022-03-21T14:00:00Z,48,12.6
2022-03-21T14:20:00Z,48,12.6
2022-03-21T14:30:00Z,44,12.5
2022-03-21T14:50:00Z,44,12.5
2022-03-21T15:00:00Z,44,12.5
2022-03-21T15:20:00Z,44,12.5
2022-03-21T15:30:00Z,44,11.5
2022-03-21T15:50:00Z,44,11.5
2022-03-21T16:00:00Z,44,11.5
2022-03-21T16:20:00Z,48,9.9
2022-03-21T16:30:00Z,48,9.9
2022-03-21T16:50:00Z,48,9.9
2022-03-21T17:00:00Z,48,9.9
2022-03-21T17:20:00Z,58,7.8
2022-03-21T17:30:00Z,58,7.8
2022-03-21T17:50:00Z,58,7.8
2022-03-21T18:00:00Z,58,7.8
2022-03-21T18:20:00Z,71,6
2022-03-21T18:30:00Z,71,6
2022-03-21T18:50:00Z,71,6
2022-03-21T19:00:00Z,71,6
2022-03-21T19:20:00Z,84,4.2
2022-03-21T19:30:00Z,84,4.2
2022-03-21T19:50:00Z,84,4.2
2022-03-21T20:00:00Z,84,4.2
2022-03-21T20:20:00Z,89,2.8